award_id,ocid,tender_id,vendor_id,value,award_date
A-0001,ocds-pgraph-T-0001,T-0001,V-0046,28170331.14,2024-08-10
A-0002,ocds-pgraph-T-0002,T-0002,V-0048,8369416.87,2023-12-06
A-0003,ocds-pgraph-T-0003,T-0003,V-0046,8159243.96,2024-01-04
A-0004,ocds-pgraph-T-0004,T-0004,V-0048,10317577.4,2025-12-14
A-0005,ocds-pgraph-T-0005,T-0005,V-0157,10243737.66,2024-03-08
A-0006,ocds-pgraph-T-0006,T-0006,V-0046,10866656.65,2024-10-09
A-0007,ocds-pgraph-T-0007,T-0007,V-0046,22098604.21,2026-05-24
A-0008,ocds-pgraph-T-0008,T-0008,V-0046,24123098.12,2023-02-01
A-0009,ocds-pgraph-T-0009,T-0009,V-0046,23992240.06,2022-11-25
A-0010,ocds-pgraph-T-0010,T-0010,V-0157,1172471.51,2026-01-03
A-0011,ocds-pgraph-T-0011,T-0011,V-0048,7336232.15,2023-12-13
A-0012,ocds-pgraph-T-0012,T-0012,V-0086,10889534.57,2024-05-15
A-0013,ocds-pgraph-T-0013,T-0013,V-0086,9005501.15,2024-04-28
A-0014,ocds-pgraph-T-0014,T-0014,V-0046,28616927.97,2023-04-08
A-0015,ocds-pgraph-T-0015,T-0015,V-0046,20196170.61,2022-11-27
A-0016,ocds-pgraph-T-0016,T-0016,V-0026,3358137.06,2024-12-16
A-0017,ocds-pgraph-T-0017,T-0017,V-0206,5955362.88,2025-01-23
A-0018,ocds-pgraph-T-0018,T-0018,V-0237,8268308.06,2024-12-11
A-0019,ocds-pgraph-T-0019,T-0019,V-S010,5150804.12,2026-04-16
A-0020,ocds-pgraph-T-0020,T-0020,V-0206,1774618.17,2022-11-18
A-0021,ocds-pgraph-T-0021,T-0021,V-0223,6498408.31,2023-12-20
A-0022,ocds-pgraph-T-0022,T-0022,V-0206,5438026.71,2026-07-12
A-0023,ocds-pgraph-T-0023,T-0023,V-0223,9120197.79,2024-12-17
A-0024,ocds-pgraph-T-0024,T-0024,V-S010,3498899.82,2025-06-12
A-0025,ocds-pgraph-T-0025,T-0025,V-0206,11823932.33,2024-01-29
A-0026,ocds-pgraph-T-0026,T-0026,V-0026,12866145.92,2025-12-07
A-0027,ocds-pgraph-T-0027,T-0027,V-0206,3939673.51,2025-05-05
A-0028,ocds-pgraph-T-0028,T-0028,V-0172,6926451.15,2025-04-18
A-0029,ocds-pgraph-T-0029,T-0029,V-0223,5358296.53,2026-08-18
A-0030,ocds-pgraph-T-0030,T-0030,V-S010,10847484.95,2026-03-25
A-0031,ocds-pgraph-T-0031,T-0031,V-0237,12537879.37,2025-01-14
A-0032,ocds-pgraph-T-0032,T-0032,V-0056,2445466.94,2022-11-28
A-0033,ocds-pgraph-T-0033,T-0033,V-0056,1694551.5,2025-10-22
A-0034,ocds-pgraph-T-0034,T-0034,V-0056,3026180.43,2025-01-22
A-0035,ocds-pgraph-T-0035,T-0035,V-0032,6671664.62,2023-10-21
A-0036,ocds-pgraph-T-0036,T-0036,V-0056,2618990.42,2024-07-27
A-0037,ocds-pgraph-T-0037,T-0037,V-0071,1523581.31,2023-12-31
A-0038,ocds-pgraph-T-0038,T-0038,V-0231,3317521.48,2023-12-18
A-0039,ocds-pgraph-T-0039,T-0039,V-0033,9532777.22,2024-11-28
A-0040,ocds-pgraph-T-0040,T-0040,V-0056,3142461.65,2024-08-01
A-0041,ocds-pgraph-T-0041,T-0041,V-0081,6594692.85,2023-04-20
A-0042,ocds-pgraph-T-0042,T-0042,V-0056,2707176.87,2023-04-08
A-0043,ocds-pgraph-T-0043,T-0043,V-0056,3244252.23,2023-04-03
A-0044,ocds-pgraph-T-0044,T-0044,V-0033,8138456.92,2026-05-17
A-0045,ocds-pgraph-T-0045,T-0045,V-0056,3054984.82,2024-09-29
A-0046,ocds-pgraph-T-0046,T-0046,V-0056,2815534.03,2025-09-29
A-0047,ocds-pgraph-T-0047,T-0047,V-0056,1431123.44,2025-07-26
A-0048,ocds-pgraph-T-0048,T-0048,V-0056,2082499.85,2023-03-22
A-0049,ocds-pgraph-T-0049,T-0049,V-0071,13150462.19,2025-11-01
A-0050,ocds-pgraph-T-0050,T-0050,V-0056,3270838.54,2023-04-04
A-0051,ocds-pgraph-T-0051,T-0051,V-0056,2976568.57,2025-06-17
A-0052,ocds-pgraph-T-0052,T-0052,V-0032,14252826.98,2025-08-26
A-0053,ocds-pgraph-T-0053,T-0053,V-0033,7898651.81,2023-11-29
A-0054,ocds-pgraph-T-0054,T-0054,V-0056,1844397.46,2026-08-21
A-0055,ocds-pgraph-T-0055,T-0055,V-0071,3657171.48,2023-06-06
A-0056,ocds-pgraph-T-0056,T-0056,V-0056,1659927.9,2024-05-27
A-0057,ocds-pgraph-T-0057,T-0057,V-0056,2955739.26,2024-10-02
A-0058,ocds-pgraph-T-0058,T-0058,V-0157,36479312.51,2026-07-28
A-0059,ocds-pgraph-T-0059,T-0059,V-0146,5731249.11,2025-05-30
A-0060,ocds-pgraph-T-0060,T-0060,V-0117,4343959.1,2024-07-03
A-0061,ocds-pgraph-T-0061,T-0061,V-0190,26042349.54,2022-11-28
A-0062,ocds-pgraph-T-0062,T-0062,V-0117,5113973.56,2026-07-16
A-0063,ocds-pgraph-T-0063,T-0063,V-S005,11850644.24,2026-05-16
A-0064,ocds-pgraph-T-0064,T-0064,V-0094,29791650.45,2025-11-25
A-0065,ocds-pgraph-T-0065,T-0065,V-0157,17429221.76,2024-01-02
A-0066,ocds-pgraph-T-0066,T-0066,V-S005,9433146.07,2023-10-04
A-0067,ocds-pgraph-T-0067,T-0067,V-0037,16609153.43,2023-01-12
A-0068,ocds-pgraph-T-0068,T-0068,V-0117,3403469.32,2024-01-10
A-0069,ocds-pgraph-T-0069,T-0069,V-S005,11781657.9,2026-03-03
A-0070,ocds-pgraph-T-0070,T-0070,V-S005,9613305.51,2026-07-29
A-0071,ocds-pgraph-T-0071,T-0071,V-SPV01,4671397.3,2024-03-15
A-0072,ocds-pgraph-T-0072,T-0072,V-0037,6444516.87,2025-09-12
A-0073,ocds-pgraph-T-0073,T-0073,V-S005,11423861.32,2024-08-24
A-0074,ocds-pgraph-T-0074,T-0074,V-0072,3241913.03,2024-12-30
A-0075,ocds-pgraph-T-0075,T-0075,V-0076,36651597.02,2026-06-04
A-0076,ocds-pgraph-T-0076,T-0076,V-0051,1867928.8,2025-10-31
A-0077,ocds-pgraph-T-0077,T-0077,V-0076,61090448.81,2024-03-20
A-0078,ocds-pgraph-T-0078,T-0078,V-0126,4362162.45,2025-02-09
A-0079,ocds-pgraph-T-0079,T-0079,V-S010,3901609.03,2025-08-19
A-0080,ocds-pgraph-T-0080,T-0080,V-0086,606048.55,2024-07-21
A-0081,ocds-pgraph-T-0081,T-0081,V-0086,4179031.97,2023-02-25
A-0082,ocds-pgraph-T-0082,T-0082,V-0086,928364.82,2023-10-10
A-0083,ocds-pgraph-T-0083,T-0083,V-0086,4102733.74,2025-02-03
A-0084,ocds-pgraph-T-0084,T-0084,V-0126,9712030.02,2022-10-19
A-0085,ocds-pgraph-T-0085,T-0085,V-0168,9537648.64,2026-05-30
A-0086,ocds-pgraph-T-0086,T-0086,V-0086,2341031.9,2023-09-02
A-0087,ocds-pgraph-T-0087,T-0087,V-0128,11578068.18,2026-02-24
A-0088,ocds-pgraph-T-0088,T-0088,V-0086,4388520.33,2024-11-25
A-0089,ocds-pgraph-T-0089,T-0089,V-0086,5214010.32,2023-09-25
A-0090,ocds-pgraph-T-0090,T-0090,V-0205,18584839.92,2023-05-23
A-0091,ocds-pgraph-T-0091,T-0091,V-Y008,7473663.03,2023-11-24
A-0092,ocds-pgraph-T-0092,T-0092,V-0231,4351055.15,2023-03-10
A-0093,ocds-pgraph-T-0093,T-0093,V-0002,7573520.92,2023-12-14
A-0094,ocds-pgraph-T-0094,T-0094,V-0197,5376287.23,2025-05-29
A-0095,ocds-pgraph-T-0095,T-0095,V-0071,7623514.93,2023-04-29
A-0096,ocds-pgraph-T-0096,T-0096,V-0151,3336267.41,2025-03-24
A-0097,ocds-pgraph-T-0097,T-0097,V-0231,1320276.75,2023-11-10
A-0098,ocds-pgraph-T-0098,T-0098,V-0018,5012661.85,2023-05-15
A-0099,ocds-pgraph-T-0099,T-0099,V-0206,9357977.45,2024-03-07
A-0100,ocds-pgraph-T-0100,T-0100,V-0056,988629.57,2025-03-03
A-0101,ocds-pgraph-T-0101,T-0101,V-0187,4764473.33,2024-10-10
A-0102,ocds-pgraph-T-0102,T-0102,V-0002,9165608.59,2023-05-24
A-0103,ocds-pgraph-T-0103,T-0103,V-0231,2916062.74,2026-07-30
A-0104,ocds-pgraph-T-0104,T-0104,V-0187,2070184.3,2025-02-22
A-0105,ocds-pgraph-T-0105,T-0105,V-0187,11228980.34,2023-03-17
A-0106,ocds-pgraph-T-0106,T-0106,V-0151,7286247.0,2023-05-03
A-0107,ocds-pgraph-T-0107,T-0107,V-0096,6359679.82,2023-11-02
A-0108,ocds-pgraph-T-0108,T-0108,V-0056,978135.88,2022-09-26
A-0109,ocds-pgraph-T-0109,T-0109,V-0238,1661894.92,2025-07-17
A-0110,ocds-pgraph-T-0110,T-0110,V-0238,3913014.79,2025-01-23
A-0111,ocds-pgraph-T-0111,T-0111,V-0061,13075836.26,2024-01-29
A-0112,ocds-pgraph-T-0112,T-0112,V-0182,15596036.79,2024-02-16
A-0113,ocds-pgraph-T-0113,T-0113,V-0238,1305435.49,2024-06-14
A-0114,ocds-pgraph-T-0114,T-0114,V-0069,837169.0,2026-07-26
A-0115,ocds-pgraph-T-0115,T-0115,V-0238,1881320.7,2023-10-08
A-0116,ocds-pgraph-T-0116,T-0116,V-0118,15725090.18,2026-04-23
A-0117,ocds-pgraph-T-0117,T-0117,V-0181,1109700.95,2026-02-27
A-0118,ocds-pgraph-T-0118,T-0118,V-0178,18478582.47,2026-03-13
A-0119,ocds-pgraph-T-0119,T-0119,V-0169,3443046.49,2023-09-22
A-0120,ocds-pgraph-T-0120,T-0120,V-0118,8969779.31,2024-06-12
A-0121,ocds-pgraph-T-0121,T-0121,V-0182,13138162.76,2023-11-04
A-0122,ocds-pgraph-T-0122,T-0122,V-0069,3885780.1,2023-06-22
A-0123,ocds-pgraph-T-0123,T-0123,V-0069,4179521.03,2023-05-16
A-0124,ocds-pgraph-T-0124,T-0124,V-0238,3205775.1,2026-02-11
A-0125,ocds-pgraph-T-0125,T-0125,V-0069,638149.38,2025-06-08
A-0126,ocds-pgraph-T-0126,T-0126,V-0112,2642481.55,2025-01-04
A-0127,ocds-pgraph-T-0127,T-0127,V-0169,399227.73,2025-09-09
A-0128,ocds-pgraph-T-0128,T-0128,V-0061,5110877.74,2024-10-13
A-0129,ocds-pgraph-T-0129,T-0129,V-0026,7735104.52,2022-10-01
A-0130,ocds-pgraph-T-0130,T-0130,V-0029,7773870.41,2025-07-06
A-0131,ocds-pgraph-T-0131,T-0131,V-Y003,4012245.52,2024-10-31
A-0132,ocds-pgraph-T-0132,T-0132,V-0156,6493075.42,2025-09-13
A-0133,ocds-pgraph-T-0133,T-0133,V-0237,8695578.54,2025-09-30
A-0134,ocds-pgraph-T-0134,T-0134,V-Y003,3010983.44,2024-01-22
A-0135,ocds-pgraph-T-0135,T-0135,V-S005,1088038.08,2024-11-27
A-0136,ocds-pgraph-T-0136,T-0136,V-0237,3964303.33,2025-07-20
A-0137,ocds-pgraph-T-0137,T-0137,V-0206,14490611.71,2026-04-14
A-0138,ocds-pgraph-T-0138,T-0138,V-S006,3728985.01,2023-03-10
A-0139,ocds-pgraph-T-0139,T-0139,V-S010,7285162.35,2024-12-23
A-0140,ocds-pgraph-T-0140,T-0140,V-0237,13401915.94,2025-03-16
A-0141,ocds-pgraph-T-0141,T-0141,V-0098,4411017.28,2025-07-10
A-0142,ocds-pgraph-T-0142,T-0142,V-0003,664611.1,2026-01-23
A-0143,ocds-pgraph-T-0143,T-0143,V-Y007,12129691.01,2023-10-26
A-0144,ocds-pgraph-T-0144,T-0144,V-0206,8950556.94,2023-07-05
A-0145,ocds-pgraph-T-0145,T-0145,V-0098,1602443.78,2024-06-17
A-0146,ocds-pgraph-T-0146,T-0146,V-0172,2902691.2,2025-06-26
A-0147,ocds-pgraph-T-0147,T-0147,V-Y003,2204439.69,2026-01-10
A-0148,ocds-pgraph-T-0148,T-0148,V-0182,4208080.66,2025-03-04
A-0149,ocds-pgraph-T-0149,T-0149,V-0093,10889889.92,2023-12-18
A-0150,ocds-pgraph-T-0150,T-0150,V-0118,12942607.34,2026-04-08
A-0151,ocds-pgraph-T-0151,T-0151,V-0155,2916389.87,2025-01-23
A-0152,ocds-pgraph-T-0152,T-0152,V-0214,1066598.05,2024-03-13
A-0153,ocds-pgraph-T-0153,T-0153,V-0214,1523007.59,2023-08-17
A-0154,ocds-pgraph-T-0154,T-0154,V-Y006,4149230.46,2024-08-13
A-0155,ocds-pgraph-T-0155,T-0155,V-Y008,2842724.24,2024-02-06
A-0156,ocds-pgraph-T-0156,T-0156,V-0214,4678838.45,2022-10-11
A-0157,ocds-pgraph-T-0157,T-0157,V-0155,2310962.81,2023-05-24
A-0158,ocds-pgraph-T-0158,T-0158,V-0153,5561065.18,2023-12-03
A-0159,ocds-pgraph-T-0159,T-0159,V-0093,10746653.29,2025-09-17
A-0160,ocds-pgraph-T-0160,T-0160,V-0118,3698555.19,2023-01-08
A-0161,ocds-pgraph-T-0161,T-0161,V-0155,4669319.71,2023-06-17
A-0162,ocds-pgraph-T-0162,T-0162,V-Y008,9704746.99,2024-05-12
A-0163,ocds-pgraph-T-0163,T-0163,V-Y006,9843497.25,2023-12-15
A-0164,ocds-pgraph-T-0164,T-0164,V-Y005,4163751.25,2022-10-09
A-0165,ocds-pgraph-T-0165,T-0165,V-0049,1279952.33,2024-05-09
A-0166,ocds-pgraph-T-0166,T-0166,V-0155,4333488.43,2025-11-02
A-0167,ocds-pgraph-T-0167,T-0167,V-0209,12671413.51,2024-03-13
A-0168,ocds-pgraph-T-0168,T-0168,V-0049,4655830.53,2023-01-02
A-0169,ocds-pgraph-T-0169,T-0169,V-0049,1693204.46,2024-08-25
A-0170,ocds-pgraph-T-0170,T-0170,V-Y006,10872493.28,2025-10-19
A-0171,ocds-pgraph-T-0171,T-0171,V-S001,3374614.9,2026-07-21
A-0172,ocds-pgraph-T-0172,T-0172,V-0214,5661395.33,2026-03-22
A-0173,ocds-pgraph-T-0173,T-0173,V-0049,6402563.02,2025-12-30
A-0174,ocds-pgraph-T-0174,T-0174,V-0209,10806875.32,2024-09-02
A-0175,ocds-pgraph-T-0175,T-0175,V-S001,5660533.02,2025-07-11
A-0176,ocds-pgraph-T-0176,T-0176,V-0182,10013562.36,2026-06-03
A-0177,ocds-pgraph-T-0177,T-0177,V-0093,8557661.03,2026-07-01
A-0178,ocds-pgraph-T-0178,T-0178,V-0131,7554357.44,2025-05-31
A-0179,ocds-pgraph-T-0179,T-0179,V-0049,4033707.09,2024-09-20
A-0180,ocds-pgraph-T-0180,T-0180,V-0106,4023508.56,2022-11-29
A-0181,ocds-pgraph-T-0181,T-0181,V-0106,1153421.0,2025-02-15
A-0182,ocds-pgraph-T-0182,T-0182,V-0218,10452496.85,2022-12-17
A-0183,ocds-pgraph-T-0183,T-0183,V-0155,4749952.93,2026-03-22
A-0184,ocds-pgraph-T-0184,T-0184,V-0214,5610188.43,2026-04-19
A-0185,ocds-pgraph-T-0185,T-0185,V-0093,9654689.83,2023-08-31
A-0186,ocds-pgraph-T-0186,T-0186,V-Y008,2162832.4,2024-01-15
A-0187,ocds-pgraph-T-0187,T-0187,V-0131,8064154.1,2023-06-24
A-0188,ocds-pgraph-T-0188,T-0188,V-0218,6812984.26,2024-05-08
A-0189,ocds-pgraph-T-0189,T-0189,V-0106,4727119.28,2025-06-22
A-0190,ocds-pgraph-T-0190,T-0190,V-0155,9342283.3,2023-01-29
A-0191,ocds-pgraph-T-0191,T-0191,V-Y005,8051273.51,2025-11-18
A-0192,ocds-pgraph-T-0192,T-0192,V-0155,7340743.92,2024-12-17
A-0193,ocds-pgraph-T-0193,T-0193,V-0013,5134512.46,2024-04-06
A-0194,ocds-pgraph-T-0194,T-0194,V-0218,6891643.26,2023-03-31
A-0195,ocds-pgraph-T-0195,T-0195,V-0123,2731843.76,2023-06-04
A-0196,ocds-pgraph-T-0196,T-0196,V-0118,9385132.07,2024-12-13
A-0197,ocds-pgraph-T-0197,T-0197,V-0118,8605687.73,2025-12-11
A-0198,ocds-pgraph-T-0198,T-0198,V-0153,1949369.93,2023-10-20
A-0199,ocds-pgraph-T-0199,T-0199,V-Y008,2522641.06,2023-11-09
A-0200,ocds-pgraph-T-0200,T-0200,V-S001,3885067.03,2025-09-03
A-0201,ocds-pgraph-T-0201,T-0201,V-0061,4917786.42,2024-04-11
A-0202,ocds-pgraph-T-0202,T-0202,V-0191,30096475.54,2023-11-30
A-0203,ocds-pgraph-T-0203,T-0203,V-0143,5148598.06,2025-01-12
A-0204,ocds-pgraph-T-0204,T-0204,V-0070,29649341.5,2025-12-06
A-0205,ocds-pgraph-T-0205,T-0205,V-0191,22538969.38,2025-10-09
A-0206,ocds-pgraph-T-0206,T-0206,V-0021,9091402.29,2025-12-20
A-0207,ocds-pgraph-T-0207,T-0207,V-0050,8193884.54,2025-09-25
A-0208,ocds-pgraph-T-0208,T-0208,V-0018,2165310.47,2025-02-05
A-0209,ocds-pgraph-T-0209,T-0209,V-0191,13170868.7,2025-09-03
A-0210,ocds-pgraph-T-0210,T-0210,V-0149,7968435.72,2022-12-16
A-0211,ocds-pgraph-T-0211,T-0211,V-0191,11520018.35,2024-11-19
A-0212,ocds-pgraph-T-0212,T-0212,V-0084,20201755.11,2026-04-26
A-0213,ocds-pgraph-T-0213,T-0213,V-0191,48305731.92,2023-08-23
A-0214,ocds-pgraph-T-0214,T-0214,V-0087,19381456.54,2023-11-15
A-0215,ocds-pgraph-T-0215,T-0215,V-0191,14349188.23,2026-01-21
A-0216,ocds-pgraph-T-0216,T-0216,V-0042,26511485.6,2025-02-19
A-0217,ocds-pgraph-T-0217,T-0217,V-0038,3451202.85,2023-05-01
A-0218,ocds-pgraph-T-0218,T-0218,V-0065,13924225.31,2025-02-02
A-0219,ocds-pgraph-T-0219,T-0219,V-0210,12280745.3,2024-05-09
A-0220,ocds-pgraph-T-0220,T-0220,V-0042,10501137.49,2025-05-24
A-0221,ocds-pgraph-T-0221,T-0221,V-0070,57547349.85,2026-03-24
A-0222,ocds-pgraph-T-0222,T-0222,V-0200,23462187.73,2023-09-13
A-0223,ocds-pgraph-T-0223,T-0223,V-0018,14968309.92,2026-04-30
A-0224,ocds-pgraph-T-0224,T-0224,V-0156,3325365.36,2024-09-17
A-0225,ocds-pgraph-T-0225,T-0225,V-0191,22611445.19,2022-11-02
A-0226,ocds-pgraph-T-0226,T-0226,V-0156,4233901.58,2023-07-20
A-0227,ocds-pgraph-T-0227,T-0227,V-0156,3344765.01,2024-06-28
A-0228,ocds-pgraph-T-0228,T-0228,V-0050,18083445.79,2022-11-01
A-0229,ocds-pgraph-T-0229,T-0229,V-0072,1697374.46,2025-08-04
A-0230,ocds-pgraph-T-0230,T-0230,V-0152,2752162.46,2023-12-19
A-0231,ocds-pgraph-T-0231,T-0231,V-0078,10512202.87,2026-02-01
A-0232,ocds-pgraph-T-0232,T-0232,V-0152,2031352.88,2025-07-07
A-0233,ocds-pgraph-T-0233,T-0233,V-0152,2799868.4,2026-01-10
A-0234,ocds-pgraph-T-0234,T-0234,V-0168,2122110.59,2024-01-31
A-0235,ocds-pgraph-T-0235,T-0235,V-0078,8798604.95,2023-05-11
A-0236,ocds-pgraph-T-0236,T-0236,V-0229,1255300.8,2025-06-24
A-0237,ocds-pgraph-T-0237,T-0237,V-0078,4694993.05,2023-05-09
A-0238,ocds-pgraph-T-0238,T-0238,V-0113,1219269.09,2024-01-27
A-0239,ocds-pgraph-T-0239,T-0239,V-0120,2999856.89,2025-01-13
A-0240,ocds-pgraph-T-0240,T-0240,V-0168,3633808.72,2023-03-24
A-0241,ocds-pgraph-T-0241,T-0241,V-0113,1337546.76,2023-09-15
A-0242,ocds-pgraph-T-0242,T-0242,V-0120,2885488.51,2023-10-05
A-0243,ocds-pgraph-T-0243,T-0243,V-0072,7109794.19,2026-06-22
A-0244,ocds-pgraph-T-0244,T-0244,V-0168,11994063.94,2026-01-16
A-0245,ocds-pgraph-T-0245,T-0245,V-0152,3687116.31,2024-03-30
A-0246,ocds-pgraph-T-0246,T-0246,V-0168,4776900.29,2025-08-08
A-0247,ocds-pgraph-T-0247,T-0247,V-0058,2840430.91,2025-05-24
A-0248,ocds-pgraph-T-0248,T-0248,V-0168,2022229.15,2024-08-19
A-0249,ocds-pgraph-T-0249,T-0249,V-0078,8785030.29,2025-03-06
A-0250,ocds-pgraph-T-0250,T-0250,V-0168,712286.13,2026-06-20
A-0251,ocds-pgraph-T-0251,T-0251,V-0189,11037610.94,2023-06-22
A-0252,ocds-pgraph-T-0252,T-0252,V-0228,9940279.11,2024-12-27
A-0253,ocds-pgraph-T-0253,T-0253,V-0228,8788965.37,2026-08-13
A-0254,ocds-pgraph-T-0254,T-0254,V-0188,4361716.05,2025-12-11
A-0255,ocds-pgraph-T-0255,T-0255,V-0144,3958655.74,2023-12-13
A-0256,ocds-pgraph-T-0256,T-0256,V-0211,2770885.54,2022-10-08
A-0257,ocds-pgraph-T-0257,T-0257,V-0208,4626667.76,2022-10-05
A-0258,ocds-pgraph-T-0258,T-0258,V-0210,4335293.95,2026-06-07
A-0259,ocds-pgraph-T-0259,T-0259,V-0084,8280461.75,2023-11-03
A-0260,ocds-pgraph-T-0260,T-0260,V-0188,11606889.44,2024-05-09
A-0261,ocds-pgraph-T-0261,T-0261,V-0144,3661891.59,2025-08-25
A-0262,ocds-pgraph-T-0262,T-0262,V-0219,6382279.31,2025-03-06
A-0263,ocds-pgraph-T-0263,T-0263,V-0228,11462806.74,2025-05-05
A-0264,ocds-pgraph-T-0264,T-0264,V-0156,2998491.53,2026-01-04
A-0265,ocds-pgraph-T-0265,T-0265,V-0210,8044525.02,2025-12-08
A-0266,ocds-pgraph-T-0266,T-0266,V-0228,1512962.38,2024-12-16
A-0267,ocds-pgraph-T-0267,T-0267,V-0021,3044804.59,2026-06-08
A-0268,ocds-pgraph-T-0268,T-0268,V-0170,1574825.7,2024-03-11
A-0269,ocds-pgraph-T-0269,T-0269,V-0197,6930473.71,2025-12-12
A-0270,ocds-pgraph-T-0270,T-0270,V-0211,2154167.95,2025-10-25
A-0271,ocds-pgraph-T-0271,T-0271,V-0111,5357188.1,2026-05-11
A-0272,ocds-pgraph-T-0272,T-0272,V-0021,11360141.72,2025-12-17
A-0273,ocds-pgraph-T-0273,T-0273,V-0188,4058279.38,2025-02-09
A-0274,ocds-pgraph-T-0274,T-0274,V-0211,3066581.78,2026-07-27
A-0275,ocds-pgraph-T-0275,T-0275,V-0015,11389920.34,2023-09-26
A-0276,ocds-pgraph-T-0276,T-0276,V-0211,2588396.48,2025-10-29
A-0277,ocds-pgraph-T-0277,T-0277,V-0188,3255304.53,2025-02-11
A-0278,ocds-pgraph-T-0278,T-0278,V-0238,3663009.45,2024-07-11
A-0279,ocds-pgraph-T-0279,T-0279,V-0096,9861543.95,2024-10-18
A-0280,ocds-pgraph-T-0280,T-0280,V-0218,5888095.63,2025-12-26
A-0281,ocds-pgraph-T-0281,T-0281,V-0123,12143523.44,2024-12-21
A-0282,ocds-pgraph-T-0282,T-0282,V-Y008,6795399.31,2022-11-17
A-0283,ocds-pgraph-T-0283,T-0283,V-0209,8976891.22,2024-07-13
A-0284,ocds-pgraph-T-0284,T-0284,V-0093,1286480.04,2023-08-12
A-0285,ocds-pgraph-T-0285,T-0285,V-0093,2503590.0,2023-01-27
A-0286,ocds-pgraph-T-0286,T-0286,V-Y006,4900701.17,2024-03-16
A-0287,ocds-pgraph-T-0287,T-0287,V-0090,1830917.62,2025-01-08
A-0288,ocds-pgraph-T-0288,T-0288,V-0096,8201567.27,2025-12-19
A-0289,ocds-pgraph-T-0289,T-0289,V-0069,1828676.14,2026-08-18
A-0290,ocds-pgraph-T-0290,T-0290,V-0131,9299011.47,2023-10-15
A-0291,ocds-pgraph-T-0291,T-0291,V-0155,6372264.89,2025-07-20
A-0292,ocds-pgraph-T-0292,T-0292,V-Y008,5655459.1,2026-01-05
A-0293,ocds-pgraph-T-0293,T-0293,V-Y008,5398509.37,2026-06-30
A-0294,ocds-pgraph-T-0294,T-0294,V-0155,11107942.71,2026-03-02
A-0295,ocds-pgraph-T-0295,T-0295,V-0069,1455956.27,2025-03-25
A-0296,ocds-pgraph-T-0296,T-0296,V-0169,582269.71,2025-08-03
A-0297,ocds-pgraph-T-0297,T-0297,V-0218,5808489.83,2024-01-31
A-0298,ocds-pgraph-T-0298,T-0298,V-0061,3672362.54,2026-03-05
A-0299,ocds-pgraph-T-0299,T-0299,V-Y006,5080535.21,2026-06-29
A-0300,ocds-pgraph-T-0300,T-0300,V-S001,8315519.44,2026-02-28
A-0301,ocds-pgraph-T-0301,T-0301,V-0061,1741691.34,2025-12-21
A-0302,ocds-pgraph-T-0302,T-0302,V-0153,3550226.92,2023-02-19
A-0303,ocds-pgraph-T-0303,T-0303,V-0155,12284674.68,2026-05-02
A-0304,ocds-pgraph-T-0304,T-0304,V-0238,1096242.82,2024-09-27
A-0305,ocds-pgraph-T-0305,T-0305,V-0093,4490741.71,2023-03-26
A-0306,ocds-pgraph-T-0306,T-0306,V-0231,3653150.42,2024-06-29
A-0307,ocds-pgraph-T-0307,T-0307,V-Y006,9562410.02,2023-08-27
A-0308,ocds-pgraph-T-0308,T-0308,V-0200,10466737.28,2026-02-05
A-0309,ocds-pgraph-T-0309,T-0309,V-0083,11063112.64,2026-02-12
A-0310,ocds-pgraph-T-0310,T-0310,V-0104,55615602.7,2024-06-26
A-0311,ocds-pgraph-T-0311,T-0311,V-S008,6949183.76,2025-07-20
A-0312,ocds-pgraph-T-0312,T-0312,V-0056,2024194.66,2025-01-18
A-0313,ocds-pgraph-T-0313,T-0313,V-0116,1629901.17,2026-05-03
A-0314,ocds-pgraph-T-0314,T-0314,V-0043,9633715.92,2024-05-02
A-0315,ocds-pgraph-T-0315,T-0315,V-0207,5575285.35,2024-01-29
A-0316,ocds-pgraph-T-0316,T-0316,V-0018,13820379.0,2025-11-30
A-0317,ocds-pgraph-T-0317,T-0317,V-S008,7950562.91,2025-12-20
A-0318,ocds-pgraph-T-0318,T-0318,V-0005,4348465.95,2024-07-30
A-0319,ocds-pgraph-T-0319,T-0319,V-0067,19543222.07,2025-08-27
A-0320,ocds-pgraph-T-0320,T-0320,V-0104,2222279.61,2026-06-03
A-0321,ocds-pgraph-T-0321,T-0321,V-0207,4800444.99,2026-05-28
A-0322,ocds-pgraph-T-0322,T-0322,V-S008,5584351.69,2023-06-14
A-0323,ocds-pgraph-T-0323,T-0323,V-0018,13752512.02,2025-03-14
A-0324,ocds-pgraph-T-0324,T-0324,V-0067,25936396.76,2025-09-23
A-0325,ocds-pgraph-T-0325,T-0325,V-0207,2513285.08,2023-01-31
A-0326,ocds-pgraph-T-0326,T-0326,V-S008,7568752.65,2025-10-17
A-0327,ocds-pgraph-T-0327,T-0327,V-0067,31048083.78,2026-02-09
A-0328,ocds-pgraph-T-0328,T-0328,V-0207,6427903.0,2024-02-18
A-0329,ocds-pgraph-T-0329,T-0329,V-0200,20564513.24,2026-08-12
A-0330,ocds-pgraph-T-0330,T-0330,V-0135,10669558.47,2022-10-14
A-0331,ocds-pgraph-T-0331,T-0331,V-0054,7894423.49,2026-03-09
A-0332,ocds-pgraph-T-0332,T-0332,V-0068,6382648.78,2026-02-12
A-0333,ocds-pgraph-T-0333,T-0333,V-S005,1773796.97,2023-02-21
A-0334,ocds-pgraph-T-0334,T-0334,V-0138,46688082.18,2023-09-16
A-0335,ocds-pgraph-T-0335,T-0335,V-0010,7680384.46,2024-10-03
A-0336,ocds-pgraph-T-0336,T-0336,V-S005,3518712.62,2026-05-10
A-0337,ocds-pgraph-T-0337,T-0337,V-0068,15917993.19,2023-02-25
A-0338,ocds-pgraph-T-0338,T-0338,V-0125,11269492.9,2026-07-03
A-0339,ocds-pgraph-T-0339,T-0339,V-0068,6219143.77,2025-03-20
A-0340,ocds-pgraph-T-0340,T-0340,V-0105,23764544.19,2024-12-10
A-0341,ocds-pgraph-T-0341,T-0341,V-S005,4542377.22,2022-11-22
A-0342,ocds-pgraph-T-0342,T-0342,V-0001,29855430.29,2024-10-19
A-0343,ocds-pgraph-T-0343,T-0343,V-0099,14650153.91,2024-11-24
A-0344,ocds-pgraph-T-0344,T-0344,V-0192,3167962.04,2024-12-12
A-0345,ocds-pgraph-T-0345,T-0345,V-S005,9445591.79,2025-05-27
A-0346,ocds-pgraph-T-0346,T-0346,V-0172,20395994.66,2022-12-03
A-0347,ocds-pgraph-T-0347,T-0347,V-0157,7836864.26,2026-05-10
A-0348,ocds-pgraph-T-0348,T-0348,V-S010,14657979.68,2023-03-20
A-0349,ocds-pgraph-T-0349,T-0349,V-0236,6687078.1,2026-02-13
A-0350,ocds-pgraph-T-0350,T-0350,V-0010,12092058.22,2025-11-19
A-0351,ocds-pgraph-T-0351,T-0351,V-0110,12503617.4,2023-02-15
A-0352,ocds-pgraph-T-0352,T-0352,V-0099,18140597.67,2026-02-26
A-0353,ocds-pgraph-T-0353,T-0353,V-0172,8994962.09,2024-04-30
A-0354,ocds-pgraph-T-0354,T-0354,V-0223,10299252.81,2023-12-16
A-0355,ocds-pgraph-T-0355,T-0355,V-0172,34021310.72,2026-02-14
A-0356,ocds-pgraph-T-0356,T-0356,V-0125,42454015.95,2026-07-27
A-0357,ocds-pgraph-T-0357,T-0357,V-0130,10499426.93,2024-05-04
A-0358,ocds-pgraph-T-0358,T-0358,V-0230,5943444.3,2026-05-22
A-0359,ocds-pgraph-T-0359,T-0359,V-0192,1466983.84,2022-12-29
A-0360,ocds-pgraph-T-0360,T-0360,V-0114,2219943.04,2026-08-21
A-0361,ocds-pgraph-T-0361,T-0361,V-0165,7567910.83,2025-05-01
A-0362,ocds-pgraph-T-0362,T-0362,V-0230,9342394.76,2024-08-27
A-0363,ocds-pgraph-T-0363,T-0363,V-0174,3758059.72,2025-05-20
A-0364,ocds-pgraph-T-0364,T-0364,V-0090,4228362.23,2023-06-30
A-0365,ocds-pgraph-T-0365,T-0365,V-0102,1486983.98,2022-11-03
A-0366,ocds-pgraph-T-0366,T-0366,V-0041,1706228.65,2025-05-07
A-0367,ocds-pgraph-T-0367,T-0367,V-0221,5311720.97,2024-02-15
A-0368,ocds-pgraph-T-0368,T-0368,V-0088,2457693.75,2023-06-02
A-0369,ocds-pgraph-T-0369,T-0369,V-0219,2897042.12,2026-04-09
A-0370,ocds-pgraph-T-0370,T-0370,V-0134,1349918.56,2023-09-24
A-0371,ocds-pgraph-T-0371,T-0371,V-0208,14250911.04,2026-04-18
A-0372,ocds-pgraph-T-0372,T-0372,V-0208,9032432.98,2026-07-23
A-0373,ocds-pgraph-T-0373,T-0373,V-0144,2894712.95,2025-03-25
A-0374,ocds-pgraph-T-0374,T-0374,V-0133,3308121.83,2025-04-20
A-0375,ocds-pgraph-T-0375,T-0375,V-0144,12264157.2,2024-10-05
A-0376,ocds-pgraph-T-0376,T-0376,V-S002,16593644.14,2026-06-04
A-0377,ocds-pgraph-T-0377,T-0377,V-0184,1009714.99,2024-12-04
A-0378,ocds-pgraph-T-0378,T-0378,V-0184,1972222.12,2025-08-17
A-0379,ocds-pgraph-T-0379,T-0379,V-S002,10151929.47,2023-10-03
A-0380,ocds-pgraph-T-0380,T-0380,V-0144,7246785.44,2026-05-02
A-0381,ocds-pgraph-T-0381,T-0381,V-0235,12681382.95,2026-07-07
A-0382,ocds-pgraph-T-0382,T-0382,V-0111,4890627.97,2025-12-07
A-0383,ocds-pgraph-T-0383,T-0383,V-0111,12334751.22,2024-12-17
A-0384,ocds-pgraph-T-0384,T-0384,V-0184,2828699.71,2023-04-11
A-0385,ocds-pgraph-T-0385,T-0385,V-S002,6216979.92,2026-03-08
A-0386,ocds-pgraph-T-0386,T-0386,V-0006,331516.05,2023-07-13
A-0387,ocds-pgraph-T-0387,T-0387,V-0006,1860253.46,2022-11-19
A-0388,ocds-pgraph-T-0388,T-0388,V-0184,1914908.67,2022-11-26
A-0389,ocds-pgraph-T-0389,T-0389,V-S005,719242.94,2023-01-09
A-0390,ocds-pgraph-T-0390,T-0390,V-0112,4705716.54,2026-03-21
A-0391,ocds-pgraph-T-0391,T-0391,V-0180,30863881.64,2022-11-30
A-0392,ocds-pgraph-T-0392,T-0392,V-0205,51267629.48,2025-06-26
A-0393,ocds-pgraph-T-0393,T-0393,V-0180,40363867.49,2026-01-17
A-0394,ocds-pgraph-T-0394,T-0394,V-0094,11766119.38,2024-12-09
A-0395,ocds-pgraph-T-0395,T-0395,V-0086,7438165.51,2025-12-22
A-0396,ocds-pgraph-T-0396,T-0396,V-0048,11579388.7,2024-11-06
A-0397,ocds-pgraph-T-0397,T-0397,V-0037,55437156.76,2025-12-29
A-0398,ocds-pgraph-T-0398,T-0398,V-0072,3252244.47,2025-08-09
A-0399,ocds-pgraph-T-0399,T-0399,V-0072,31991239.47,2024-03-14
A-0400,ocds-pgraph-T-0400,T-0400,V-0037,54556391.77,2023-09-13
A-0401,ocds-pgraph-T-0401,T-0401,V-SPV01,571689.31,2023-07-08
A-0402,ocds-pgraph-T-0402,T-0402,V-0085,1139853.69,2022-12-13
A-0403,ocds-pgraph-T-0403,T-0403,V-0146,1473730.78,2023-08-08
A-0404,ocds-pgraph-T-0404,T-0404,V-0157,35309413.17,2025-03-12
A-0405,ocds-pgraph-T-0405,T-0405,V-0217,4767554.5,2023-05-02
A-0406,ocds-pgraph-T-0406,T-0406,V-0048,7869040.99,2024-10-09
A-0407,ocds-pgraph-T-0407,T-0407,V-0163,6436727.88,2025-02-24
A-0408,ocds-pgraph-T-0408,T-0408,V-0072,42845963.93,2024-02-10
A-0409,ocds-pgraph-T-0409,T-0409,V-0048,12952440.4,2026-02-08
A-0410,ocds-pgraph-T-0410,T-0410,V-0086,6375370.81,2023-09-15
A-0411,ocds-pgraph-T-0411,T-0411,V-0168,9873000.85,2024-11-13
A-0412,ocds-pgraph-T-0412,T-0412,V-0109,5255189.2,2023-11-07
A-0413,ocds-pgraph-T-0413,T-0413,V-0094,12392300.35,2025-09-01
A-0414,ocds-pgraph-T-0414,T-0414,V-0072,16347849.31,2024-09-02
A-0415,ocds-pgraph-T-0415,T-0415,V-0072,33760507.63,2023-05-19
A-0416,ocds-pgraph-T-0416,T-0416,V-0240,4760036.08,2024-06-18
A-0417,ocds-pgraph-T-0417,T-0417,V-SPV01,2467069.15,2024-10-24
A-0418,ocds-pgraph-T-0418,T-0418,V-0217,2087505.89,2024-10-30
A-0419,ocds-pgraph-T-0419,T-0419,V-0086,9545957.43,2026-03-08
A-0420,ocds-pgraph-T-0420,T-0420,V-0157,4501044.72,2025-05-22
A-0421,ocds-pgraph-T-0421,T-0421,V-0114,8201725.28,2025-09-25
A-0422,ocds-pgraph-T-0422,T-0422,V-0078,1685634.03,2025-07-04
A-0423,ocds-pgraph-T-0423,T-0423,V-0102,3948730.01,2026-02-07
A-0424,ocds-pgraph-T-0424,T-0424,V-0134,2826681.82,2023-11-11
A-0425,ocds-pgraph-T-0425,T-0425,V-0087,2924477.11,2023-08-07
A-0426,ocds-pgraph-T-0426,T-0426,V-Y002,9486288.88,2025-07-16
A-0427,ocds-pgraph-T-0427,T-0427,V-0078,4041920.14,2024-02-12
A-0428,ocds-pgraph-T-0428,T-0428,V-0170,4482757.33,2024-06-10
A-0429,ocds-pgraph-T-0429,T-0429,V-0154,11111095.46,2024-07-26
A-0430,ocds-pgraph-T-0430,T-0430,V-0083,4055382.83,2023-01-10
A-0431,ocds-pgraph-T-0431,T-0431,V-0057,9718948.98,2023-09-06
A-0432,ocds-pgraph-T-0432,T-0432,V-0154,2251532.22,2026-08-16
A-0433,ocds-pgraph-T-0433,T-0433,V-0092,4023441.4,2026-04-24
A-0434,ocds-pgraph-T-0434,T-0434,V-0087,10367081.41,2025-03-06
A-0435,ocds-pgraph-T-0435,T-0435,V-0174,5841039.21,2025-01-24
A-0436,ocds-pgraph-T-0436,T-0436,V-0180,3089573.26,2024-08-29
A-0437,ocds-pgraph-T-0437,T-0437,V-0180,2994304.53,2024-04-11
A-0438,ocds-pgraph-T-0438,T-0438,V-0048,4251788.17,2026-04-29
A-0439,ocds-pgraph-T-0439,T-0439,V-0087,3877212.48,2023-10-09
A-0440,ocds-pgraph-T-0440,T-0440,V-0154,4953130.01,2024-05-28
A-0441,ocds-pgraph-T-0441,T-0441,V-0092,7814239.28,2025-11-30
A-0442,ocds-pgraph-T-0442,T-0442,V-0057,8724717.9,2023-04-02
A-0443,ocds-pgraph-T-0443,T-0443,V-0078,2396185.78,2024-02-16
A-0444,ocds-pgraph-T-0444,T-0444,V-0048,2239555.06,2026-05-09
A-0445,ocds-pgraph-T-0445,T-0445,V-0111,4460179.22,2024-07-09
A-0446,ocds-pgraph-T-0446,T-0446,V-0184,2312294.99,2025-12-05
A-0447,ocds-pgraph-T-0447,T-0447,V-0006,3556478.44,2025-12-30
A-0448,ocds-pgraph-T-0448,T-0448,V-0228,6563872.21,2023-07-22
A-0449,ocds-pgraph-T-0449,T-0449,V-0188,2092923.85,2025-05-24
A-0450,ocds-pgraph-T-0450,T-0450,V-0151,2524085.37,2023-04-26
A-0451,ocds-pgraph-T-0451,T-0451,V-0197,6238392.17,2025-05-29
A-0452,ocds-pgraph-T-0452,T-0452,V-0188,1464196.06,2023-07-22
A-0453,ocds-pgraph-T-0453,T-0453,V-0218,12547893.13,2025-04-06
A-0454,ocds-pgraph-T-0454,T-0454,V-0184,3818370.71,2024-09-06
A-0455,ocds-pgraph-T-0455,T-0455,V-0133,3408647.71,2024-02-06
A-0456,ocds-pgraph-T-0456,T-0456,V-0005,2908240.01,2024-04-08
A-0457,ocds-pgraph-T-0457,T-0457,V-0015,8994746.61,2024-08-30
A-0458,ocds-pgraph-T-0458,T-0458,V-0133,1343048.17,2026-08-22
A-0459,ocds-pgraph-T-0459,T-0459,V-0181,1433356.18,2023-03-31
A-0460,ocds-pgraph-T-0460,T-0460,V-0084,11723269.99,2026-08-14
A-0461,ocds-pgraph-T-0461,T-0461,V-0098,3288500.75,2024-09-07
A-0462,ocds-pgraph-T-0462,T-0462,V-0210,7273192.52,2025-11-24
A-0463,ocds-pgraph-T-0463,T-0463,V-0184,966281.68,2023-02-19
A-0464,ocds-pgraph-T-0464,T-0464,V-0021,10368815.83,2023-06-19
A-0465,ocds-pgraph-T-0465,T-0465,V-0210,10176229.14,2026-04-27
A-0466,ocds-pgraph-T-0466,T-0466,V-0188,2966535.08,2024-11-14
A-0467,ocds-pgraph-T-0467,T-0467,V-0156,11585340.19,2025-09-02
A-0468,ocds-pgraph-T-0468,T-0468,V-0120,2983038.17,2025-07-18
A-0469,ocds-pgraph-T-0469,T-0469,V-0184,4653797.8,2026-07-05
A-0470,ocds-pgraph-T-0470,T-0470,V-0126,761180.37,2023-01-21
A-0471,ocds-pgraph-T-0471,T-0471,V-0192,4755728.99,2026-04-13
A-0472,ocds-pgraph-T-0472,T-0472,V-0126,4990290.51,2026-03-18
A-0473,ocds-pgraph-T-0473,T-0473,V-0027,1743943.57,2026-02-25
A-0474,ocds-pgraph-T-0474,T-0474,V-0119,2000986.95,2026-05-08
A-0475,ocds-pgraph-T-0475,T-0475,V-0235,3559369.25,2025-01-02
A-0476,ocds-pgraph-T-0476,T-0476,V-0235,637291.71,2026-01-27
A-0477,ocds-pgraph-T-0477,T-0477,V-0119,10774219.94,2026-07-14
A-0478,ocds-pgraph-T-0478,T-0478,V-0161,1139638.78,2024-05-29
A-0479,ocds-pgraph-T-0479,T-0479,V-0042,4037472.77,2025-08-29
A-0480,ocds-pgraph-T-0480,T-0480,V-0230,7444719.89,2025-07-11
A-0481,ocds-pgraph-T-0481,T-0481,V-0088,3289178.02,2023-02-01
A-0482,ocds-pgraph-T-0482,T-0482,V-0165,4502033.23,2022-11-07
A-0483,ocds-pgraph-T-0483,T-0483,V-0042,2355093.06,2024-05-02
A-0484,ocds-pgraph-T-0484,T-0484,V-0119,2972139.29,2022-11-15
A-0485,ocds-pgraph-T-0485,T-0485,V-0119,1416934.06,2025-10-25
A-0486,ocds-pgraph-T-0486,T-0486,V-0119,3289029.68,2022-12-07
A-0487,ocds-pgraph-T-0487,T-0487,V-0221,3761181.53,2024-05-05
A-0488,ocds-pgraph-T-0488,T-0488,V-0042,5878983.75,2026-03-07
A-0489,ocds-pgraph-T-0489,T-0489,V-0051,4872818.26,2024-08-07
A-0490,ocds-pgraph-T-0490,T-0490,V-0119,553047.07,2024-03-23
A-0491,ocds-pgraph-T-0491,T-0491,V-0168,14516796.92,2024-09-01
A-0492,ocds-pgraph-T-0492,T-0492,V-0145,5355406.04,2024-07-25
A-0493,ocds-pgraph-T-0493,T-0493,V-0160,31071463.04,2023-05-19
A-0494,ocds-pgraph-T-0494,T-0494,V-0185,13032981.98,2023-12-20
A-0495,ocds-pgraph-T-0495,T-0495,V-0014,2071067.22,2022-10-25
A-0496,ocds-pgraph-T-0496,T-0496,V-0122,33814693.32,2024-05-02
A-0497,ocds-pgraph-T-0497,T-0497,V-0200,11903096.86,2025-09-26
A-0498,ocds-pgraph-T-0498,T-0498,V-S005,8927488.34,2026-02-20
A-0499,ocds-pgraph-T-0499,T-0499,V-S007,4339853.03,2024-08-31
A-0500,ocds-pgraph-T-0500,T-0500,V-0034,18625524.71,2022-10-15
A-0501,ocds-pgraph-T-0501,T-0501,V-0204,17257570.28,2024-01-20
A-0502,ocds-pgraph-T-0502,T-0502,V-0122,32630756.66,2024-10-07
A-0503,ocds-pgraph-T-0503,T-0503,V-0040,10998805.92,2025-03-24
A-0504,ocds-pgraph-T-0504,T-0504,V-0185,10197706.78,2024-03-06
A-0505,ocds-pgraph-T-0505,T-0505,V-0185,5035114.6,2025-01-14
A-0506,ocds-pgraph-T-0506,T-0506,V-0122,7420627.1,2025-03-07
A-0507,ocds-pgraph-T-0507,T-0507,V-0236,14711717.36,2026-02-12
A-0508,ocds-pgraph-T-0508,T-0508,V-0122,17358078.65,2025-05-11
A-0509,ocds-pgraph-T-0509,T-0509,V-0061,7056572.29,2025-01-04
A-0510,ocds-pgraph-T-0510,T-0510,V-Y005,3451655.09,2025-09-19
A-0511,ocds-pgraph-T-0511,T-0511,V-0123,2896982.07,2023-12-13
A-0512,ocds-pgraph-T-0512,T-0512,V-0069,3538894.55,2025-07-29
A-0513,ocds-pgraph-T-0513,T-0513,V-Y008,6618308.4,2025-11-23
A-0514,ocds-pgraph-T-0514,T-0514,V-0020,6976334.53,2023-11-11
A-0515,ocds-pgraph-T-0515,T-0515,V-0123,7293710.69,2023-08-23
A-0516,ocds-pgraph-T-0516,T-0516,V-0026,2203821.47,2023-12-24
A-0517,ocds-pgraph-T-0517,T-0517,V-0218,9306868.61,2023-04-01
A-0518,ocds-pgraph-T-0518,T-0518,V-0238,319492.53,2023-09-06
A-0519,ocds-pgraph-T-0519,T-0519,V-0153,9789911.45,2023-04-04
A-0520,ocds-pgraph-T-0520,T-0520,V-0061,6922169.46,2026-02-27
A-0521,ocds-pgraph-T-0521,T-0521,V-0020,3120857.91,2026-05-03
A-0522,ocds-pgraph-T-0522,T-0522,V-0238,3066623.43,2023-03-15
A-0523,ocds-pgraph-T-0523,T-0523,V-0238,2996217.28,2024-05-30
A-0524,ocds-pgraph-T-0524,T-0524,V-0119,3499566.93,2024-09-23
A-0525,ocds-pgraph-T-0525,T-0525,V-0155,7742111.66,2024-08-31
A-0526,ocds-pgraph-T-0526,T-0526,V-Y008,8428792.97,2023-08-28
A-0527,ocds-pgraph-T-0527,T-0527,V-0123,3252614.76,2026-01-10
A-0528,ocds-pgraph-T-0528,T-0528,V-0140,4950868.74,2025-12-06
A-0529,ocds-pgraph-T-0529,T-0529,V-0093,10652428.1,2023-10-11
A-0530,ocds-pgraph-T-0530,T-0530,V-0155,10468555.09,2023-04-29
A-0531,ocds-pgraph-T-0531,T-0531,V-0169,2421560.76,2025-10-04
A-0532,ocds-pgraph-T-0532,T-0532,V-0169,1587103.28,2025-01-16
A-0533,ocds-pgraph-T-0533,T-0533,V-Y008,8362231.13,2025-10-10
A-0534,ocds-pgraph-T-0534,T-0534,V-0020,4395557.25,2026-01-09
A-0535,ocds-pgraph-T-0535,T-0535,V-0155,6830648.42,2023-04-29
A-0536,ocds-pgraph-T-0536,T-0536,V-0087,2269340.51,2022-11-24
A-0537,ocds-pgraph-T-0537,T-0537,V-0227,1331800.97,2025-08-09
A-0538,ocds-pgraph-T-0538,T-0538,V-0087,7826026.37,2024-10-31
A-0539,ocds-pgraph-T-0539,T-0539,V-Y002,9152335.37,2024-08-03
A-0540,ocds-pgraph-T-0540,T-0540,V-0087,9407272.59,2023-07-28
A-0541,ocds-pgraph-T-0541,T-0541,V-Y002,6941088.83,2024-05-26
A-0542,ocds-pgraph-T-0542,T-0542,V-0227,485626.15,2023-09-25
A-0543,ocds-pgraph-T-0543,T-0543,V-0087,8793359.65,2024-01-30
A-0544,ocds-pgraph-T-0544,T-0544,V-0217,7820890.37,2026-01-17
A-0545,ocds-pgraph-T-0545,T-0545,V-0087,1100954.65,2023-07-26
A-0546,ocds-pgraph-T-0546,T-0546,V-0196,8761059.31,2024-04-20
A-0547,ocds-pgraph-T-0547,T-0547,V-0048,9892437.15,2025-05-16
A-0548,ocds-pgraph-T-0548,T-0548,V-0190,6359449.74,2024-09-11
A-0549,ocds-pgraph-T-0549,T-0549,V-0048,9290413.87,2026-08-27
A-0550,ocds-pgraph-T-0550,T-0550,V-0154,1657015.85,2025-03-23
A-0551,ocds-pgraph-T-0551,T-0551,V-0057,2904957.85,2026-07-19
A-0552,ocds-pgraph-T-0552,T-0552,V-0048,7777287.17,2022-10-16
A-0553,ocds-pgraph-T-0553,T-0553,V-Y002,3656199.93,2024-12-10
A-0554,ocds-pgraph-T-0554,T-0554,V-0087,3131228.61,2022-11-27
A-0555,ocds-pgraph-T-0555,T-0555,V-0092,4449488.85,2023-01-09
A-0556,ocds-pgraph-T-0556,T-0556,V-0087,4330558.92,2023-04-02
A-0557,ocds-pgraph-T-0557,T-0557,V-0196,3168913.67,2025-03-19
A-0558,ocds-pgraph-T-0558,T-0558,V-0154,8507326.97,2023-11-27
A-0559,ocds-pgraph-T-0559,T-0559,V-0092,7944166.42,2023-03-18
A-0560,ocds-pgraph-T-0560,T-0560,V-0180,2300462.72,2025-08-16
A-0561,ocds-pgraph-T-0561,T-0561,V-0092,923105.58,2023-02-10
A-0562,ocds-pgraph-T-0562,T-0562,V-0101,45760268.7,2023-09-08
A-0563,ocds-pgraph-T-0563,T-0563,V-0189,2653151.76,2023-03-19
A-0564,ocds-pgraph-T-0564,T-0564,V-0126,10046887.16,2024-08-06
A-0565,ocds-pgraph-T-0565,T-0565,V-0126,9792022.34,2024-06-20
A-0566,ocds-pgraph-T-0566,T-0566,V-0126,3913685.04,2024-07-25
A-0567,ocds-pgraph-T-0567,T-0567,V-0119,23391333.91,2025-03-22
A-0568,ocds-pgraph-T-0568,T-0568,V-0101,21799234.13,2023-10-27
A-0569,ocds-pgraph-T-0569,T-0569,V-0160,7787920.33,2025-07-08
A-0570,ocds-pgraph-T-0570,T-0570,V-0030,13631210.07,2024-07-03
A-0571,ocds-pgraph-T-0571,T-0571,V-0236,16278089.46,2023-12-06
A-0572,ocds-pgraph-T-0572,T-0572,V-0112,4268321.21,2023-08-14
A-0573,ocds-pgraph-T-0573,T-0573,V-0082,2434486.52,2025-02-25
A-0574,ocds-pgraph-T-0574,T-0574,V-0189,2772854.48,2023-12-15
A-0575,ocds-pgraph-T-0575,T-0575,V-0126,5187656.82,2026-03-06
A-0576,ocds-pgraph-T-0576,T-0576,V-0032,13654603.78,2023-05-28
A-0577,ocds-pgraph-T-0577,T-0577,V-0187,5492064.31,2023-03-10
A-0578,ocds-pgraph-T-0578,T-0578,V-S005,4014433.31,2025-03-27
A-0579,ocds-pgraph-T-0579,T-0579,V-0081,8736739.61,2023-12-19
A-0580,ocds-pgraph-T-0580,T-0580,V-0071,7866475.28,2024-01-19
A-0581,ocds-pgraph-T-0581,T-0581,V-0056,1282558.14,2023-06-17
A-0582,ocds-pgraph-T-0582,T-0582,V-0152,1435285.15,2024-06-12
A-0583,ocds-pgraph-T-0583,T-0583,V-0005,2623284.05,2022-11-20
A-0584,ocds-pgraph-T-0584,T-0584,V-0032,837672.58,2023-01-27
A-0585,ocds-pgraph-T-0585,T-0585,V-0187,6016196.94,2026-03-29
A-0586,ocds-pgraph-T-0586,T-0586,V-0187,13638952.63,2025-12-21
A-0587,ocds-pgraph-T-0587,T-0587,V-0120,3261624.71,2025-02-18
A-0588,ocds-pgraph-T-0588,T-0588,V-0053,1244598.97,2024-08-18
A-0589,ocds-pgraph-T-0589,T-0589,V-0231,3242046.47,2024-04-28
A-0590,ocds-pgraph-T-0590,T-0590,V-0071,4190083.97,2025-05-28
A-0591,ocds-pgraph-T-0591,T-0591,V-0056,1099814.78,2023-06-17
A-0592,ocds-pgraph-T-0592,T-0592,V-0032,4525123.45,2024-07-05
A-0593,ocds-pgraph-T-0593,T-0593,V-0231,4066367.19,2025-12-23
A-0594,ocds-pgraph-T-0594,T-0594,V-0058,2811777.42,2024-02-17
A-0595,ocds-pgraph-T-0595,T-0595,V-0069,1428550.34,2023-01-25
A-0596,ocds-pgraph-T-0596,T-0596,V-0231,3673181.11,2023-06-18
A-0597,ocds-pgraph-T-0597,T-0597,V-0119,690253.67,2023-07-30
A-0598,ocds-pgraph-T-0598,T-0598,V-0187,10034526.25,2024-03-23
A-0599,ocds-pgraph-T-0599,T-0599,V-0056,1559965.45,2026-08-17
A-0600,ocds-pgraph-T-0600,T-0600,V-0032,11347776.93,2025-11-13
A-0601,ocds-pgraph-T-0601,T-0601,V-0095,18836510.17,2025-08-03
A-0602,ocds-pgraph-T-0602,T-0602,V-0096,35106394.35,2024-04-20
A-0603,ocds-pgraph-T-0603,T-0603,V-0123,6318959.88,2025-01-23
A-0604,ocds-pgraph-T-0604,T-0604,V-0140,10444712.74,2022-12-20
A-0605,ocds-pgraph-T-0605,T-0605,V-0095,24753703.39,2025-11-02
A-0606,ocds-pgraph-T-0606,T-0606,V-0069,10109289.82,2026-07-29
A-0607,ocds-pgraph-T-0607,T-0607,V-0095,32778178.85,2023-05-30
A-0608,ocds-pgraph-T-0608,T-0608,V-0112,62648358.97,2025-03-28
A-0609,ocds-pgraph-T-0609,T-0609,V-0238,56168201.89,2026-07-22
A-0610,ocds-pgraph-T-0610,T-0610,V-0175,3206717.08,2023-03-28
A-0611,ocds-pgraph-T-0611,T-0611,V-0198,4255646.47,2026-05-25
A-0612,ocds-pgraph-T-0612,T-0612,V-0062,6221129.21,2024-03-07
A-0613,ocds-pgraph-T-0613,T-0613,V-0239,8044481.06,2025-04-07
A-0614,ocds-pgraph-T-0614,T-0614,V-0218,7101891.24,2024-11-15
A-0615,ocds-pgraph-T-0615,T-0615,V-0112,72051336.82,2026-06-26
A-0616,ocds-pgraph-T-0616,T-0616,V-0239,11176709.46,2026-02-04
A-0617,ocds-pgraph-T-0617,T-0617,V-0238,54883334.76,2022-10-12
A-0618,ocds-pgraph-T-0618,T-0618,V-0045,6016683.13,2025-01-03
A-0619,ocds-pgraph-T-0619,T-0619,V-0175,6944586.33,2024-04-03
A-0620,ocds-pgraph-T-0620,T-0620,V-0096,10826765.69,2026-02-26
A-0621,ocds-pgraph-T-0621,T-0621,V-0218,6473677.41,2025-04-13
A-0622,ocds-pgraph-T-0622,T-0622,V-0218,5090754.82,2026-03-17
A-0623,ocds-pgraph-T-0623,T-0623,V-0069,4010963.74,2026-03-20
A-0624,ocds-pgraph-T-0624,T-0624,V-0175,1855099.03,2026-01-27
A-0625,ocds-pgraph-T-0625,T-0625,V-0221,7487316.57,2025-10-26
A-0626,ocds-pgraph-T-0626,T-0626,V-0175,5476501.21,2025-09-22
A-0627,ocds-pgraph-T-0627,T-0627,V-0095,5014055.67,2026-01-18
A-0628,ocds-pgraph-T-0628,T-0628,V-0112,9283122.49,2025-03-30
A-0629,ocds-pgraph-T-0629,T-0629,V-0192,6751412.67,2026-01-30
A-0630,ocds-pgraph-T-0630,T-0630,V-0119,6883300.4,2024-12-23
A-0631,ocds-pgraph-T-0631,T-0631,V-0126,1786979.14,2026-05-09
A-0632,ocds-pgraph-T-0632,T-0632,V-0221,931926.0,2026-06-03
A-0633,ocds-pgraph-T-0633,T-0633,V-0042,5422074.0,2025-10-02
A-0634,ocds-pgraph-T-0634,T-0634,V-0119,8289718.97,2023-09-10
A-0635,ocds-pgraph-T-0635,T-0635,V-0026,3117706.73,2025-12-01
A-0636,ocds-pgraph-T-0636,T-0636,V-0221,1781114.91,2023-10-04
A-0637,ocds-pgraph-T-0637,T-0637,V-0042,3084604.79,2023-07-24
A-0638,ocds-pgraph-T-0638,T-0638,V-0051,4145911.65,2022-12-20
A-0639,ocds-pgraph-T-0639,T-0639,V-0161,1425598.13,2026-08-04
A-0640,ocds-pgraph-T-0640,T-0640,V-0090,1631965.96,2024-09-12
A-0641,ocds-pgraph-T-0641,T-0641,V-0224,4908309.06,2025-09-02
A-0642,ocds-pgraph-T-0642,T-0642,V-0058,1412728.58,2024-10-23
A-0643,ocds-pgraph-T-0643,T-0643,V-0126,4118438.98,2025-10-30
A-0644,ocds-pgraph-T-0644,T-0644,V-0076,4530085.52,2026-05-14
A-0645,ocds-pgraph-T-0645,T-0645,V-0090,2117471.18,2022-11-13
A-0646,ocds-pgraph-T-0646,T-0646,V-S005,10018118.43,2023-01-22
A-0647,ocds-pgraph-T-0647,T-0647,V-0125,56019572.24,2025-08-09
A-0648,ocds-pgraph-T-0648,T-0648,V-S005,1933963.69,2023-02-27
A-0649,ocds-pgraph-T-0649,T-0649,V-S004,5502359.96,2023-12-06
A-0650,ocds-pgraph-T-0650,T-0650,V-0001,45357700.44,2024-02-15
A-0651,ocds-pgraph-T-0651,T-0651,V-0223,12375865.31,2025-01-29
A-0652,ocds-pgraph-T-0652,T-0652,V-0099,5559229.75,2023-10-03
A-0653,ocds-pgraph-T-0653,T-0653,V-0125,27299619.64,2026-04-29
A-0654,ocds-pgraph-T-0654,T-0654,V-0125,45763526.13,2024-03-22
A-0655,ocds-pgraph-T-0655,T-0655,V-S007,14154806.96,2025-11-29
A-0656,ocds-pgraph-T-0656,T-0656,V-0138,6076188.1,2024-02-02
A-0657,ocds-pgraph-T-0657,T-0657,V-0040,4680745.69,2024-02-16
A-0658,ocds-pgraph-T-0658,T-0658,V-0099,966367.77,2024-12-24
A-0659,ocds-pgraph-T-0659,T-0659,V-0138,3157204.95,2022-12-22
A-0660,ocds-pgraph-T-0660,T-0660,V-0001,29412390.83,2026-06-21
A-0661,ocds-pgraph-T-0661,T-0661,V-0029,2168136.71,2025-06-21
A-0662,ocds-pgraph-T-0662,T-0662,V-0223,3123502.22,2023-05-19
A-0663,ocds-pgraph-T-0663,T-0663,V-0096,11670599.76,2024-09-18
A-0664,ocds-pgraph-T-0664,T-0664,V-0001,46154602.06,2024-10-10
A-0665,ocds-pgraph-T-0665,T-0665,V-0080,3631770.54,2023-03-15
A-0666,ocds-pgraph-T-0666,T-0666,V-0001,16305233.64,2023-08-18
A-0667,ocds-pgraph-T-0667,T-0667,V-0138,2273783.6,2024-12-03
A-0668,ocds-pgraph-T-0668,T-0668,V-0164,579989.89,2023-05-31
A-0669,ocds-pgraph-T-0669,T-0669,V-0153,29039859.74,2025-03-22
A-0670,ocds-pgraph-T-0670,T-0670,V-0034,2012387.6,2024-11-13
A-0671,ocds-pgraph-T-0671,T-0671,V-0112,11264643.83,2023-05-25
A-0672,ocds-pgraph-T-0672,T-0672,V-0046,4915291.24,2024-02-13
A-0673,ocds-pgraph-T-0673,T-0673,V-0062,9380053.71,2023-06-25
A-0674,ocds-pgraph-T-0674,T-0674,V-0239,2951894.16,2025-11-24
A-0675,ocds-pgraph-T-0675,T-0675,V-0069,10193414.87,2024-02-03
A-0676,ocds-pgraph-T-0676,T-0676,V-0069,6247464.65,2023-08-07
A-0677,ocds-pgraph-T-0677,T-0677,V-0046,20739129.01,2026-06-15
A-0678,ocds-pgraph-T-0678,T-0678,V-0239,5532717.31,2025-06-10
A-0679,ocds-pgraph-T-0679,T-0679,V-0046,8754651.55,2025-06-13
A-0680,ocds-pgraph-T-0680,T-0680,V-0140,3304368.04,2025-11-05
A-0681,ocds-pgraph-T-0681,T-0681,V-0140,8867596.9,2024-10-08
A-0682,ocds-pgraph-T-0682,T-0682,V-0062,7377862.2,2026-02-21
A-0683,ocds-pgraph-T-0683,T-0683,V-0045,4544092.84,2023-08-01
A-0684,ocds-pgraph-T-0684,T-0684,V-0091,14557532.06,2025-05-23
A-0685,ocds-pgraph-T-0685,T-0685,V-0140,8406024.49,2024-01-22
A-0686,ocds-pgraph-T-0686,T-0686,V-Y004,27027735.5,2025-07-08
A-0687,ocds-pgraph-T-0687,T-0687,V-0062,7090419.38,2024-11-30
A-0688,ocds-pgraph-T-0688,T-0688,V-0034,17692667.25,2024-05-26
A-0689,ocds-pgraph-T-0689,T-0689,V-0239,9379910.84,2022-12-01
A-0690,ocds-pgraph-T-0690,T-0690,V-0239,8276876.65,2024-08-30
A-0691,ocds-pgraph-T-0691,T-0691,V-0034,20111398.11,2022-11-15
A-0692,ocds-pgraph-T-0692,T-0692,V-0091,29572436.31,2023-08-23
A-0693,ocds-pgraph-T-0693,T-0693,V-0062,2245366.58,2023-12-08
A-0694,ocds-pgraph-T-0694,T-0694,V-0112,5491243.41,2026-06-17
A-0695,ocds-pgraph-T-0695,T-0695,V-0140,5628506.81,2023-09-05
A-0696,ocds-pgraph-T-0696,T-0696,V-Y004,3483032.48,2024-06-03
A-0697,ocds-pgraph-T-0697,T-0697,V-0052,824942.89,2025-10-18
A-0698,ocds-pgraph-T-0698,T-0698,V-0133,3127624.08,2023-08-05
A-0699,ocds-pgraph-T-0699,T-0699,V-S005,3327142.56,2025-04-23
A-0700,ocds-pgraph-T-0700,T-0700,V-0184,581882.07,2024-07-27
A-0701,ocds-pgraph-T-0701,T-0701,V-0156,2191561.23,2026-07-12
A-0702,ocds-pgraph-T-0702,T-0702,V-0079,1976216.51,2023-03-18
A-0703,ocds-pgraph-T-0703,T-0703,V-0184,517595.6,2024-09-25
A-0704,ocds-pgraph-T-0704,T-0704,V-0036,4196828.32,2024-04-17
A-0705,ocds-pgraph-T-0705,T-0705,V-0079,1677233.57,2024-12-26
A-0706,ocds-pgraph-T-0706,T-0706,V-0044,1664406.41,2025-02-28
A-0707,ocds-pgraph-T-0707,T-0707,V-0021,9658306.68,2023-11-25
A-0708,ocds-pgraph-T-0708,T-0708,V-0022,6282720.72,2023-05-01
A-0709,ocds-pgraph-T-0709,T-0709,V-0197,5726589.04,2023-11-09
A-0710,ocds-pgraph-T-0710,T-0710,V-0005,2020633.01,2024-09-15
A-0711,ocds-pgraph-T-0711,T-0711,V-0021,4668300.52,2024-08-13
A-0712,ocds-pgraph-T-0712,T-0712,V-0005,785956.01,2026-01-12
A-0713,ocds-pgraph-T-0713,T-0713,V-0026,495998.61,2025-04-28
A-0714,ocds-pgraph-T-0714,T-0714,V-0102,2355707.89,2023-11-08
A-0715,ocds-pgraph-T-0715,T-0715,V-0102,6034950.15,2023-07-11
A-0716,ocds-pgraph-T-0716,T-0716,V-0102,2906278.63,2024-03-11
A-0717,ocds-pgraph-T-0717,T-0717,V-0161,2165201.01,2024-04-20
A-0718,ocds-pgraph-T-0718,T-0718,V-0119,3506006.4,2025-01-01
A-0719,ocds-pgraph-T-0719,T-0719,V-0177,3433021.84,2024-03-15
A-0720,ocds-pgraph-T-0720,T-0720,V-0119,2944321.88,2025-08-11
A-0721,ocds-pgraph-T-0721,T-0721,V-0161,2269369.44,2024-09-11
A-0722,ocds-pgraph-T-0722,T-0722,V-0119,790626.81,2024-09-28
A-0723,ocds-pgraph-T-0723,T-0723,V-0102,11352174.71,2025-11-07
A-0724,ocds-pgraph-T-0724,T-0724,V-S006,3485729.64,2025-09-18
A-0725,ocds-pgraph-T-0725,T-0725,V-0119,1884151.1,2025-06-22
A-0726,ocds-pgraph-T-0726,T-0726,V-0119,3950938.27,2026-06-11
A-0727,ocds-pgraph-T-0727,T-0727,V-0030,6694538.83,2022-11-01
A-0728,ocds-pgraph-T-0728,T-0728,V-0119,763257.01,2023-10-26
A-0729,ocds-pgraph-T-0729,T-0729,V-0090,3049886.0,2026-06-09
A-0730,ocds-pgraph-T-0730,T-0730,V-0161,322601.51,2023-11-19
A-0731,ocds-pgraph-T-0731,T-0731,V-0102,13599267.27,2024-12-29
A-0732,ocds-pgraph-T-0732,T-0732,V-0224,13773810.32,2023-09-30
A-0733,ocds-pgraph-T-0733,T-0733,V-0180,524541.95,2024-06-24
A-0734,ocds-pgraph-T-0734,T-0734,V-0119,511380.7,2025-08-19
A-0735,ocds-pgraph-T-0735,T-0735,V-0119,1828695.1,2023-11-10
A-0736,ocds-pgraph-T-0736,T-0736,V-0235,14026057.69,2022-10-26
A-0737,ocds-pgraph-T-0737,T-0737,V-0102,2359537.45,2026-03-24
A-0738,ocds-pgraph-T-0738,T-0738,V-0161,3699471.31,2024-09-26
A-0739,ocds-pgraph-T-0739,T-0739,V-S005,3778725.28,2024-12-31
A-0740,ocds-pgraph-T-0740,T-0740,V-0177,1646418.33,2024-06-18
A-0741,ocds-pgraph-T-0741,T-0741,V-0235,9758794.6,2025-03-11
A-0742,ocds-pgraph-T-0742,T-0742,V-0169,1810428.77,2022-12-29
A-0743,ocds-pgraph-T-0743,T-0743,V-0135,25669814.46,2024-02-16
A-0744,ocds-pgraph-T-0744,T-0744,V-0235,5053499.58,2024-06-13
A-0745,ocds-pgraph-T-0745,T-0745,V-0099,4336814.17,2024-03-10
A-0746,ocds-pgraph-T-0746,T-0746,V-0097,29476488.5,2023-03-17
A-0747,ocds-pgraph-T-0747,T-0747,V-0016,3278635.38,2023-11-10
A-0748,ocds-pgraph-T-0748,T-0748,V-0083,4382355.71,2025-05-09
A-0749,ocds-pgraph-T-0749,T-0749,V-0085,1217186.91,2024-03-30
A-0750,ocds-pgraph-T-0750,T-0750,V-S008,19360276.57,2024-09-26
A-0751,ocds-pgraph-T-0751,T-0751,V-0019,48799334.74,2024-01-29
A-0752,ocds-pgraph-T-0752,T-0752,V-0231,646287.83,2024-09-25
A-0753,ocds-pgraph-T-0753,T-0753,V-0082,5632008.72,2026-03-29
A-0754,ocds-pgraph-T-0754,T-0754,V-0018,49715910.95,2023-04-28
A-0755,ocds-pgraph-T-0755,T-0755,V-0099,3966475.86,2026-03-04
A-0756,ocds-pgraph-T-0756,T-0756,V-S008,61611150.96,2025-02-03
A-0757,ocds-pgraph-T-0757,T-0757,V-0207,4409549.31,2024-05-06
A-0758,ocds-pgraph-T-0758,T-0758,V-0016,13715289.88,2025-05-21
A-0759,ocds-pgraph-T-0759,T-0759,V-S008,6667138.94,2026-04-04
A-0760,ocds-pgraph-T-0760,T-0760,V-0128,7541448.39,2026-01-03
A-0761,ocds-pgraph-T-0761,T-0761,V-0192,1281214.38,2025-07-14
A-0762,ocds-pgraph-T-0762,T-0762,V-0204,4674992.47,2023-03-01
A-0763,ocds-pgraph-T-0763,T-0763,V-0082,2531875.83,2023-09-09
A-0764,ocds-pgraph-T-0764,T-0764,V-0128,3889908.77,2025-06-02
A-0765,ocds-pgraph-T-0765,T-0765,V-0200,44025967.79,2024-02-05
A-0766,ocds-pgraph-T-0766,T-0766,V-0207,1783181.52,2025-12-13
A-0767,ocds-pgraph-T-0767,T-0767,V-0083,12226361.73,2023-02-16
A-0768,ocds-pgraph-T-0768,T-0768,V-0207,6194177.57,2023-02-02
A-0769,ocds-pgraph-T-0769,T-0769,V-0207,6427636.24,2023-04-22
A-0770,ocds-pgraph-T-0770,T-0770,V-0231,6503014.25,2025-04-08
A-0771,ocds-pgraph-T-0771,T-0771,V-0026,2712554.09,2023-12-08
A-0772,ocds-pgraph-T-0772,T-0772,V-0206,10619604.75,2023-04-11
A-0773,ocds-pgraph-T-0773,T-0773,V-0026,2168984.96,2026-06-08
A-0774,ocds-pgraph-T-0774,T-0774,V-0110,3195926.7,2022-11-10
A-0775,ocds-pgraph-T-0775,T-0775,V-S010,4076415.46,2023-09-09
A-0776,ocds-pgraph-T-0776,T-0776,V-0099,3222282.72,2026-01-02
A-0777,ocds-pgraph-T-0777,T-0777,V-Y003,773610.31,2024-09-19
A-0778,ocds-pgraph-T-0778,T-0778,V-0029,3941564.39,2025-08-07
A-0779,ocds-pgraph-T-0779,T-0779,V-0026,588595.15,2025-08-12
A-0780,ocds-pgraph-T-0780,T-0780,V-0098,3342136.14,2026-05-07
A-0781,ocds-pgraph-T-0781,T-0781,V-0099,3071878.93,2023-07-06
A-0782,ocds-pgraph-T-0782,T-0782,V-0080,3423219.46,2024-04-24
A-0783,ocds-pgraph-T-0783,T-0783,V-0206,10502452.84,2023-11-27
A-0784,ocds-pgraph-T-0784,T-0784,V-S004,3490166.72,2026-03-12
A-0785,ocds-pgraph-T-0785,T-0785,V-0003,1519711.09,2024-08-07
A-0786,ocds-pgraph-T-0786,T-0786,V-0029,6765425.2,2025-06-21
A-0787,ocds-pgraph-T-0787,T-0787,V-0080,5425557.62,2023-07-04
A-0788,ocds-pgraph-T-0788,T-0788,V-S005,3159173.02,2022-11-14
A-0789,ocds-pgraph-T-0789,T-0789,V-0237,4705130.46,2022-10-30
A-0790,ocds-pgraph-T-0790,T-0790,V-0138,5213636.2,2024-12-18
A-0791,ocds-pgraph-T-0791,T-0791,V-0138,2525299.38,2024-02-15
A-0792,ocds-pgraph-T-0792,T-0792,V-0111,8780648.84,2024-06-21
A-0793,ocds-pgraph-T-0793,T-0793,V-0144,7938774.98,2024-01-04
A-0794,ocds-pgraph-T-0794,T-0794,V-0224,6207419.15,2023-01-03
A-0795,ocds-pgraph-T-0795,T-0795,V-0006,1928478.16,2025-10-20
A-0796,ocds-pgraph-T-0796,T-0796,V-0005,3436304.38,2026-02-24
A-0797,ocds-pgraph-T-0797,T-0797,V-S002,11052096.96,2025-11-06
A-0798,ocds-pgraph-T-0798,T-0798,V-0006,779502.85,2024-05-07
A-0799,ocds-pgraph-T-0799,T-0799,V-0133,1216922.6,2024-08-04
A-0800,ocds-pgraph-T-0800,T-0800,V-0227,1804670.99,2022-11-13
A-0801,ocds-pgraph-T-0801,T-0801,V-S002,11190434.34,2023-12-14
A-0802,ocds-pgraph-T-0802,T-0802,V-0133,2707773.94,2025-12-03
A-0803,ocds-pgraph-T-0803,T-0803,V-0208,969409.68,2023-09-14
A-0804,ocds-pgraph-T-0804,T-0804,V-0184,2139109.55,2025-09-17
A-0805,ocds-pgraph-T-0805,T-0805,V-0006,809558.76,2025-03-07
A-0806,ocds-pgraph-T-0806,T-0806,V-0133,3498083.97,2023-07-06
A-0807,ocds-pgraph-T-0807,T-0807,V-0133,610849.44,2024-05-19
A-0808,ocds-pgraph-T-0808,T-0808,V-0144,10353207.7,2025-09-04
A-0809,ocds-pgraph-T-0809,T-0809,V-0144,12710980.62,2024-09-09
A-0810,ocds-pgraph-T-0810,T-0810,V-0120,3776985.81,2025-01-18
A-0811,ocds-pgraph-T-0811,T-0811,V-0048,10063516.09,2025-04-26
A-0812,ocds-pgraph-T-0812,T-0812,V-0227,802056.6,2024-03-26
A-0813,ocds-pgraph-T-0813,T-0813,V-0227,758395.9,2026-02-01
A-0814,ocds-pgraph-T-0814,T-0814,V-0154,10657141.51,2024-04-20
A-0815,ocds-pgraph-T-0815,T-0815,V-0113,776668.12,2023-05-14
A-0816,ocds-pgraph-T-0816,T-0816,V-0196,7297326.82,2023-01-24
A-0817,ocds-pgraph-T-0817,T-0817,V-0154,5709727.03,2024-07-29
A-0818,ocds-pgraph-T-0818,T-0818,V-0225,8544334.21,2023-12-30
A-0819,ocds-pgraph-T-0819,T-0819,V-0120,3007813.73,2025-06-01
A-0820,ocds-pgraph-T-0820,T-0820,V-0092,7188930.2,2025-04-05
A-0821,ocds-pgraph-T-0821,T-0821,V-0225,6696194.17,2025-09-25
A-0822,ocds-pgraph-T-0822,T-0822,V-0092,5312705.96,2025-01-10
A-0823,ocds-pgraph-T-0823,T-0823,V-0092,6442769.45,2023-10-30
A-0824,ocds-pgraph-T-0824,T-0824,V-Y007,9552664.51,2024-11-10
A-0825,ocds-pgraph-T-0825,T-0825,V-0154,8123366.45,2026-03-21
A-0826,ocds-pgraph-T-0826,T-0826,V-0227,2498542.09,2025-11-18
A-0827,ocds-pgraph-T-0827,T-0827,V-0120,3663278.57,2026-08-09
A-0828,ocds-pgraph-T-0828,T-0828,V-0154,8185748.01,2023-11-29
A-0829,ocds-pgraph-T-0829,T-0829,V-0152,3286343.87,2025-04-23
A-0830,ocds-pgraph-T-0830,T-0830,V-Y008,3961777.92,2024-12-25
A-0831,ocds-pgraph-T-0831,T-0831,V-0180,3171830.61,2024-05-22
A-0832,ocds-pgraph-T-0832,T-0832,V-0154,6239037.64,2024-06-12
A-0833,ocds-pgraph-T-0833,T-0833,V-0078,3963854.51,2025-07-19
A-0834,ocds-pgraph-T-0834,T-0834,V-0172,4128730.55,2024-07-28
A-0835,ocds-pgraph-T-0835,T-0835,V-0214,2643286.41,2026-01-17
A-0836,ocds-pgraph-T-0836,T-0836,V-0190,9757669.69,2025-10-07
A-0837,ocds-pgraph-T-0837,T-0837,V-0180,2898610.37,2023-05-02
A-0838,ocds-pgraph-T-0838,T-0838,V-0190,6550380.42,2022-10-30
A-0839,ocds-pgraph-T-0839,T-0839,V-0078,2804776.48,2025-03-11
A-0840,ocds-pgraph-T-0840,T-0840,V-0111,5447343.44,2026-03-20
A-0841,ocds-pgraph-T-0841,T-0841,V-0109,4037445.08,2024-08-12
A-0842,ocds-pgraph-T-0842,T-0842,V-0087,4275543.97,2026-01-24
A-0843,ocds-pgraph-T-0843,T-0843,V-0157,4623764.16,2025-05-13
A-0844,ocds-pgraph-T-0844,T-0844,V-0092,3082020.38,2025-10-06
A-0845,ocds-pgraph-T-0845,T-0845,V-0154,4966331.13,2024-09-22
A-0846,ocds-pgraph-T-0846,T-0846,V-0218,15217874.9,2025-05-17
A-0847,ocds-pgraph-T-0847,T-0847,V-0218,2779390.05,2026-07-23
A-0848,ocds-pgraph-T-0848,T-0848,V-0218,8158512.19,2023-10-11
A-0849,ocds-pgraph-T-0849,T-0849,V-0218,4480350.06,2024-04-05
A-0850,ocds-pgraph-T-0850,T-0850,V-0218,6433645.32,2023-07-20
A-0851,ocds-pgraph-T-0851,T-0851,V-0218,2601437.52,2023-09-28
A-0852,ocds-pgraph-T-0852,T-0852,V-0218,5823319.39,2024-11-24
A-0853,ocds-pgraph-T-0853,T-0853,V-0218,9768231.56,2025-07-18
A-0854,ocds-pgraph-T-0854,T-0854,V-0218,2182320.55,2025-02-12
A-0855,ocds-pgraph-T-0855,T-0855,V-0053,13514261.13,2025-10-23
A-0856,ocds-pgraph-T-0856,T-0856,V-0053,11412390.27,2023-09-19
A-0857,ocds-pgraph-T-0857,T-0857,V-0053,17089519.54,2025-12-05
A-0858,ocds-pgraph-T-0858,T-0858,V-0053,16506674.2,2024-05-15
A-0859,ocds-pgraph-T-0859,T-0859,V-0053,15290933.11,2026-01-02
A-0860,ocds-pgraph-T-0860,T-0860,V-0053,9685666.43,2023-12-18
A-0861,ocds-pgraph-T-0861,T-0861,V-0053,15341486.97,2026-07-16
A-0862,ocds-pgraph-T-0862,T-0862,V-0053,15169736.59,2024-11-25
A-0863,ocds-pgraph-T-0863,T-0863,V-0053,15493116.44,2025-07-08
A-0864,ocds-pgraph-T-0864,T-0864,V-0053,12197855.78,2026-04-05
A-0865,ocds-pgraph-T-0865,T-0865,V-0053,2223301.94,2024-07-11
A-0866,ocds-pgraph-T-0866,T-0866,V-0235,5935443.45,2026-01-15
A-0867,ocds-pgraph-T-0867,T-0867,V-0235,36212384.52,2025-04-06
A-0868,ocds-pgraph-T-0868,T-0868,V-0235,30940755.05,2023-10-12
A-0869,ocds-pgraph-T-0869,T-0869,V-0235,27728846.97,2024-06-09
A-0870,ocds-pgraph-T-0870,T-0870,V-0235,24470142.09,2024-05-30
A-0871,ocds-pgraph-T-0871,T-0871,V-0235,9627686.19,2023-08-20
A-0872,ocds-pgraph-T-0872,T-0872,V-0235,16995083.34,2026-01-24
A-0873,ocds-pgraph-T-0873,T-0873,V-0235,10589193.14,2024-01-15
A-0874,ocds-pgraph-T-0874,T-0874,V-0235,36901319.16,2024-06-19
A-0875,ocds-pgraph-T-0875,T-0875,V-0235,32761119.07,2024-05-23
A-0876,ocds-pgraph-T-0876,T-0876,V-0235,27077923.18,2023-12-27
A-0877,ocds-pgraph-T-0877,T-0877,V-0235,5347713.72,2026-01-23
A-0878,ocds-pgraph-T-0878,T-0878,V-0029,3951509.47,2024-11-21
A-0879,ocds-pgraph-T-0879,T-0879,V-0029,4130154.15,2023-11-22
A-0880,ocds-pgraph-T-0880,T-0880,V-0029,3779403.54,2025-04-06
A-0881,ocds-pgraph-T-0881,T-0881,V-0029,1007903.02,2023-11-23
A-0882,ocds-pgraph-T-0882,T-0882,V-0029,2538234.3,2024-04-03
A-0883,ocds-pgraph-T-0883,T-0883,V-0029,5546682.53,2025-12-19
A-0884,ocds-pgraph-T-0884,T-0884,V-0029,6711646.26,2025-10-07
A-0885,ocds-pgraph-T-0885,T-0885,V-0029,2599844.8,2026-01-22
A-0886,ocds-pgraph-T-0886,T-0886,V-0029,2924113.89,2025-10-30
A-0887,ocds-pgraph-T-0887,T-0887,V-0029,1584331.74,2023-12-15
A-0888,ocds-pgraph-T-0888,T-0888,V-0204,29058419.56,2024-10-01
A-0889,ocds-pgraph-T-0889,T-0889,V-0204,41505964.65,2025-03-10
A-0890,ocds-pgraph-T-0890,T-0890,V-0204,8273555.99,2024-06-02
A-0891,ocds-pgraph-T-0891,T-0891,V-0204,6732352.94,2023-10-08
A-0892,ocds-pgraph-T-0892,T-0892,V-0204,21395045.12,2025-07-21
A-0893,ocds-pgraph-T-0893,T-0893,V-0204,28590971.37,2025-04-09
A-0894,ocds-pgraph-T-0894,T-0894,V-0204,22202118.56,2025-12-24
A-0895,ocds-pgraph-T-0895,T-0895,V-0204,25497673.56,2025-07-14
A-0896,ocds-pgraph-T-0896,T-0896,V-0123,1329530.01,2025-02-13
A-0897,ocds-pgraph-T-0897,T-0897,V-0093,5347227.32,2024-07-15
A-0898,ocds-pgraph-T-0898,T-0898,V-0155,1583643.75,2023-12-02
A-0899,ocds-pgraph-T-0899,T-0899,V-0061,11307928.91,2025-12-05
A-0900,ocds-pgraph-T-0900,T-0900,V-0123,1410972.05,2024-11-07
A-0901,ocds-pgraph-T-0901,T-0901,V-0093,5395083.08,2025-10-29
A-0902,ocds-pgraph-T-0902,T-0902,V-0155,7073341.94,2025-03-01
A-0903,ocds-pgraph-T-0903,T-0903,V-0061,10408390.43,2023-09-03
A-0904,ocds-pgraph-T-0904,T-0904,V-0123,6631456.15,2024-01-11
A-0905,ocds-pgraph-T-0905,T-0905,V-0093,11335007.85,2025-10-30
A-0906,ocds-pgraph-T-0906,T-0906,V-0155,1284276.86,2026-08-22
A-0907,ocds-pgraph-T-0907,T-0907,V-0073,3941045.45,2025-10-17
A-0908,ocds-pgraph-T-0908,T-0908,V-0208,5781652.12,2023-12-13
A-0909,ocds-pgraph-T-0909,T-0909,V-0211,1320543.5,2023-04-13
A-0910,ocds-pgraph-T-0910,T-0910,V-0144,4969530.56,2024-06-12
A-0911,ocds-pgraph-T-0911,T-0911,V-0111,6435829.62,2026-04-16
A-0912,ocds-pgraph-T-0912,T-0912,V-0073,1078613.44,2024-11-15
A-0913,ocds-pgraph-T-0913,T-0913,V-0208,5141888.64,2024-01-26
A-0914,ocds-pgraph-T-0914,T-0914,V-0211,4641783.26,2026-07-15
A-0915,ocds-pgraph-T-0915,T-0915,V-0144,3933673.15,2025-10-02
A-0916,ocds-pgraph-T-0916,T-0916,V-0111,4025096.99,2023-09-05
A-0917,ocds-pgraph-T-0917,T-0917,V-0073,3102533.77,2023-10-21
A-0918,ocds-pgraph-T-0918,T-0918,V-0208,6555176.05,2024-02-04
A-0919,ocds-pgraph-T-0919,T-0919,V-0181,2248255.76,2024-05-24
A-0920,ocds-pgraph-T-0920,T-0920,V-0181,1139151.76,2024-08-16
A-0921,ocds-pgraph-T-0921,T-0921,V-0181,3093364.23,2023-05-08
A-0922,ocds-pgraph-T-0922,T-0922,V-0181,4163327.31,2023-06-09
A-0923,ocds-pgraph-T-0923,T-0923,V-0231,2540657.56,2024-06-06
A-0924,ocds-pgraph-T-0924,T-0924,V-0026,2407737.16,2025-07-02
A-0925,ocds-pgraph-T-0925,T-0925,V-0181,2463140.36,2024-08-24
A-0926,ocds-pgraph-T-0926,T-0926,V-0181,874804.31,2024-11-13
A-0927,ocds-pgraph-T-0927,T-0927,V-0003,4797350.96,2024-11-05
A-0928,ocds-pgraph-T-0928,T-0928,V-0026,2049237.74,2026-03-06
A-0929,ocds-pgraph-T-0929,T-0929,V-0181,1669946.59,2025-02-17
A-0930,ocds-pgraph-T-0930,T-0930,V-0026,2359690.37,2023-10-01
A-0931,ocds-pgraph-T-0931,T-0931,V-0231,953228.45,2024-08-27
A-0932,ocds-pgraph-T-0932,T-0932,V-0231,1532085.99,2025-09-25
A-0933,ocds-pgraph-T-0933,T-0933,V-0231,951005.47,2024-05-20
A-0934,ocds-pgraph-T-0934,T-0934,V-0181,854252.04,2026-05-12
A-0935,ocds-pgraph-T-0935,T-0935,V-0231,1045202.8,2026-02-03
A-0936,ocds-pgraph-T-0936,T-0936,V-0231,460063.53,2024-12-20
A-0937,ocds-pgraph-T-0937,T-0937,V-S007,9074691.54,2025-06-05
A-0938,ocds-pgraph-T-0938,T-0938,V-S007,8459297.59,2025-03-04
A-0939,ocds-pgraph-T-0939,T-0939,V-S008,3461482.24,2025-05-11
A-0940,ocds-pgraph-T-0940,T-0940,V-S008,5276751.13,2025-12-22
A-0941,ocds-pgraph-T-0941,T-0941,V-S008,4958759.1,2025-05-02
A-0942,ocds-pgraph-T-0942,T-0942,V-Y001,246205.51,2026-05-27
A-0943,ocds-pgraph-T-0943,T-0943,V-Y001,284890.33,2026-03-18
A-0944,ocds-pgraph-T-0944,T-0944,V-Y002,25286.33,2026-06-22
A-0945,ocds-pgraph-T-0945,T-0945,V-Y002,49790.52,2025-12-05
A-0946,ocds-pgraph-T-0946,T-0946,V-Y004,8945029.99,2025-11-05
A-0947,ocds-pgraph-T-0947,T-0947,V-Y004,5410204.71,2026-02-28
A-0948,ocds-pgraph-T-0948,T-0948,V-Y004,10649095.79,2026-08-19
A-0949,ocds-pgraph-T-0949,T-0949,V-Y005,743248.83,2026-05-24
A-0950,ocds-pgraph-T-0950,T-0950,V-Y006,3376674.63,2026-02-19
A-0951,ocds-pgraph-T-0951,T-0951,V-Y006,3125754.71,2026-07-18
A-0952,ocds-pgraph-T-0952,T-0952,V-Y006,4161386.1,2025-10-10
A-0953,ocds-pgraph-T-0953,T-0953,V-Y008,42400238.24,2026-04-16
A-0954,ocds-pgraph-T-0954,T-0954,V-Y008,31851991.0,2026-04-30
A-0955,ocds-pgraph-T-0955,T-0955,V-SPV01,2824546.28,2026-01-19
A-0956,ocds-pgraph-T-0956,T-0956,V-SPV01,1640626.53,2025-07-17
A-0957,ocds-pgraph-T-0957,T-0957,V-0128,1367610.46,2026-03-26
A-0958,ocds-pgraph-T-0958,T-0958,V-0128,1376751.35,2026-04-09
A-0959,ocds-pgraph-T-0959,T-0959,V-0128,1593756.11,2026-04-25
A-0960,ocds-pgraph-T-0960,T-0960,V-0128,1675577.21,2026-05-09
A-0961,ocds-pgraph-T-0961,T-0961,V-0075,2064087.62,2024-08-21
A-0962,ocds-pgraph-T-0962,T-0962,V-0075,1952615.48,2024-08-18
A-0963,ocds-pgraph-T-0963,T-0963,V-0075,1859835.73,2024-08-28
A-0964,ocds-pgraph-T-0964,T-0964,V-0075,2195455.92,2024-09-20
A-0965,ocds-pgraph-T-0965,T-0965,V-0075,1900000.58,2024-09-27
A-0966,ocds-pgraph-T-0966,T-0966,V-0005,4547828.3,2025-05-06
A-0967,ocds-pgraph-T-0967,T-0967,V-0005,3893295.46,2025-05-24
A-0968,ocds-pgraph-T-0968,T-0968,V-0005,3740776.39,2025-06-16
A-0969,ocds-pgraph-T-0969,T-0969,V-0005,3733463.61,2025-06-25
A-0970,ocds-pgraph-T-0970,T-0970,V-0005,4373432.29,2025-06-26
A-0971,ocds-pgraph-T-0971,T-0971,V-0155,1025695.19,2025-09-09
A-0972,ocds-pgraph-T-0972,T-0972,V-0155,1082659.01,2025-09-24
A-0973,ocds-pgraph-T-0973,T-0973,V-0155,1051254.35,2025-10-16
A-0974,ocds-pgraph-T-0974,T-0974,V-0155,991909.91,2025-11-02
A-0975,ocds-pgraph-T-0975,T-0975,V-0155,929792.78,2025-10-16
A-0976,ocds-pgraph-T-0976,T-0976,V-0038,5326919.41,2022-12-05
A-0977,ocds-pgraph-T-0977,T-0977,V-0038,8021162.3,2023-11-13
A-0978,ocds-pgraph-T-0978,T-0978,V-0038,1903823.65,2024-11-04
A-0979,ocds-pgraph-T-0979,T-0979,V-0038,1902594.2,2025-10-20
A-0980,ocds-pgraph-T-0980,T-0980,V-0028,24065698.84,2025-09-11
A-0981,ocds-pgraph-T-0981,T-0981,V-S010,12752948.84,2025-09-09
A-0982,ocds-pgraph-T-0982,T-0982,V-0026,21080563.49,2025-10-14
A-0983,ocds-pgraph-T-0983,T-0983,V-0138,92372451.69,2025-09-21
A-0984,ocds-pgraph-T-0984,T-0984,V-0217,3181803.4,2024-11-14
A-0985,ocds-pgraph-T-0985,T-0985,V-0217,23757756.98,2025-05-01
A-0986,ocds-pgraph-T-0986,T-0986,V-0217,14066836.74,2025-02-20
A-0987,ocds-pgraph-T-0987,T-0987,V-0217,26623063.14,2025-09-01
A-0988,ocds-pgraph-T-0988,T-0988,V-0217,6673882.85,2024-09-15
A-0989,ocds-pgraph-T-0989,T-0989,V-0217,5774481.08,2026-09-07
A-0990,ocds-pgraph-T-0990,T-0990,V-0140,10699390.21,2024-03-11
A-0991,ocds-pgraph-T-0991,T-0991,V-0069,1093940.68,2024-08-09
A-0992,ocds-pgraph-T-0992,T-0992,V-0219,15519578.56,2025-04-06
A-0993,ocds-pgraph-T-0993,T-0993,V-0099,5114214.79,2024-08-20
A-0994,ocds-pgraph-T-0994,T-0994,V-0187,4682132.06,2026-05-26
A-0995,ocds-pgraph-T-0995,T-0995,V-0119,807898.96,2025-03-18
A-0996,ocds-pgraph-T-0996,T-0996,V-0021,13008896.43,2024-10-17
A-0997,ocds-pgraph-T-0997,T-0997,V-S004,2056908.35,2025-08-21
A-0998,ocds-pgraph-T-0998,T-0998,V-0168,37578726.47,2023-10-15
A-0999,ocds-pgraph-T-0999,T-0999,V-0181,3397279.25,2025-04-08
A-1000,ocds-pgraph-T-1000,T-1000,V-0190,14368033.52,2024-12-18
A-1001,ocds-pgraph-T-1001,T-1001,V-0072,56796738.55,2024-06-17
A-1002,ocds-pgraph-T-1002,T-1002,V-0069,10599899.99,2024-04-18
A-1003,ocds-pgraph-T-1003,T-1003,V-S005,2929739.4,2025-08-15
