vendor_id,legal_name,pan,gstin,home_state,categories,incorporation_date,paid_up_capital,annual_turnover,size_tier,address_building_id,address_unit_id,address_unit_share_count,address_building_share_count,phone,email,bank_account,has_website,has_employee_records,registry_status,struck_off_date,msme_registered,startup_registered,is_govt_owned,is_spv,activity_code
V-0001,Charan Roadways & Co,AAFPS9825A,13AAFPS9825A1Z0,KL,ambulance_vehicle,2016-12-18,2377918.06,9906665.64,small,ADDR-BLD-2013,ADDR-BLD-2013-U28,1,1,9108336726,contact@gmail.example,ACCT-899471,0,1,active,,1,0,0,0,ambulance_vehicle
V-0002,Rohan Industries Private Limited,AADPS4883B,30AADPS4883B1Z0,IN,school_uniforms|office_furniture|road_resurfacing,2016-11-15,16901116.52,179415750.14,mid,ADDR-BLD-5425,ADDR-BLD-5425-U38,1,1,9605997515,contact@gmail.example,ACCT-128843,1,1,active,,0,0,0,0,road_resurfacing
V-0003,Harsha Associates LLP,AACPS7730K,11AACPS7730K1Z1,KL,borewell_drilling,2016-09-25,2232254.47,24004661.62,small,ADDR-BLD-8353,ADDR-BLD-8353-U39,1,1,9659304134,contact@v0003.example,ACCT-668115,1,1,active,,0,0,0,0,borewell_drilling
V-0004,Meru Works & Co,AABPS2267B,23AABPS2267B1Z8,KL,sanitation_services,2020-04-29,1961594.12,5718546.74,small,ADDR-BLD-2118,ADDR-BLD-2118-U6,1,1,9124603103,contact@gmail.example,ACCT-642946,0,1,active,,0,0,0,0,sanitation_services
V-0005,Deep Infra Private Limited,AAGPS7903E,28AAGPS7903E1Z2,MH,biomedical_service|borewell_drilling|office_furniture,2016-09-11,151958414.75,1788763180.05,large,ADDR-BLD-9001,ADDR-BLD-9001-U34,1,49,9363501769,contact@v0005.example,ACCT-740404,1,1,active,,0,0,0,0,office_furniture
V-0006,Hansa Works Ltd,AABPS1272K,13AABPS1272K1Z8,MH,borewell_drilling,2013-02-12,142030.89,676988.48,micro,ADDR-BLD-4101,ADDR-BLD-4101-U19,1,1,9008811220,filings@sahaytaconsultants.example,ACCT-249967,1,1,active,,1,0,0,0,borewell_drilling
V-0007,Utkal Associates LLP,AABPS8604B,30AABPS8604B1Z2,OD,school_uniforms|office_furniture,2022-07-06,206259.47,2576901.18,micro,ADDR-BLD-4882,ADDR-BLD-4882-U24,1,1,9755756958,contact@v0007.example,ACCT-802159,0,0,active,,1,1,0,0,school_uniforms
V-0008,Tarang Solutions,AAHPS1014D,36AAHPS1014D1Z9,OD,medical_supplies,2022-08-01,259522.96,2340476.02,micro,ADDR-BLD-6433,ADDR-BLD-6433-U7,1,1,9535686855,contact@gmail.example,ACCT-651262,1,1,active,,1,0,0,0,medical_supplies
V-0009,Dhruva Technologies Private Limited,AAAPS4349E,26AAAPS4349E1Z7,OD,biomedical_service|building_construction,2020-06-03,19317150.76,144712296.22,mid,ADDR-BLD-2414,ADDR-BLD-2414-U4,1,1,9144204864,contact@v0009.example,ACCT-508017,1,1,active,,0,0,0,0,building_construction
V-0010,Kalpa Constructions Ltd,AAEPS1059J,29AAEPS1059J1Z5,KL,biomedical_service,2022-12-13,1993663.38,9404154.42,small,ADDR-BLD-7944,ADDR-BLD-7944-U10,1,1,9543671826,contact@v0010.example,ACCT-432332,0,1,active,,0,1,0,0,biomedical_service
V-0011,Nirmal Agencies Ltd,AACPS4571B,31AACPS4571B1Z3,RJ,drugs_generic,2022-07-02,281023.41,3339689.82,micro,ADDR-BLD-7404,ADDR-BLD-7404-U34,1,1,9919979753,contact@gmail.example,ACCT-648074,0,1,active,,0,0,0,0,drugs_generic
V-0012,Ishan Industries,AAGPS6309D,31AAGPS6309D1Z1,OD,school_uniforms,2012-12-12,2952015.62,29920727.73,mid,ADDR-BLD-2939,ADDR-BLD-2939-U24,1,1,9804213994,contact@v0012.example,ACCT-412861,1,1,active,,0,0,0,0,school_uniforms
V-0013,Dhruva Engineering & Co,AAGPS1846K,27AAGPS1846K1Z6,KA,school_uniforms|road_resurfacing|office_furniture,2005-10-17,793781.74,8543496.75,small,ADDR-BLD-5262,ADDR-BLD-5262-U8,1,1,9326506821,contact@v0013.example,ACCT-522822,0,1,active,,1,0,0,0,office_furniture
V-0014,Pragati Roadways Ltd,AAEPS1923E,14AAEPS1923E1Z4,KL,solar_streetlight|laptops_it,2008-11-29,2493257.22,14010212.25,small,ADDR-BLD-5436,ADDR-BLD-5436-U1,1,1,9713361923,contact@v0014.example,ACCT-824692,0,1,active,,1,0,0,0,laptops_it
V-0015,Kaveri Associates LLP,AAAPS9627C,22AAAPS9627C1Z2,MH,office_furniture|solar_streetlight,2012-04-18,130771.05,1100733.1,micro,ADDR-BLD-2631,ADDR-BLD-2631-U26,1,1,9182363619,contact@gmail.example,ACCT-532649,0,1,active,,1,0,0,0,solar_streetlight
V-0016,Ujjwal Corporation Ltd,AAFPS6910G,17AAFPS6910G1Z0,IN,security_services,2015-03-29,10722796.54,143876547.92,mid,ADDR-BLD-1946,ADDR-BLD-1946-U30,1,1,9748859616,contact@v0016.example,ACCT-347481,1,1,active,,0,0,0,0,security_services
V-0017,Bharat Works Private Limited,AACPS1087K,34AACPS1087K1Z6,RJ,drugs_generic,2009-05-18,1368266.65,11433504.89,small,ADDR-BLD-6963,ADDR-BLD-6963-U7,1,1,9413809933,contact@v0017.example,ACCT-189894,0,1,active,,0,0,0,0,drugs_generic
V-0018,Nirmal Works,AAFPS7903H,37AAFPS7903H1Z0,IN,solar_streetlight|medical_supplies|ambulance_vehicle,2014-10-18,16115869.69,99718298.87,mid,ADDR-BLD-4890,ADDR-BLD-4890-U34,1,1,9515335731,contact@gmail.example,ACCT-163337,0,1,active,,0,0,0,0,medical_supplies
V-0019,Chetak Associates & Co,AAGPS3563E,18AAGPS3563E1Z7,IN,ambulance_vehicle,2008-04-21,15735426.59,57728741.79,mid,ADDR-BLD-3881,ADDR-BLD-3881-U30,1,1,9935394937,contact@v0019.example,ACCT-857861,1,1,active,,0,0,0,0,ambulance_vehicle
V-0020,Lohit Industries LLP,AACPS1692A,27AACPS1692A1Z7,KA,road_resurfacing,2008-07-23,297761.83,857867.14,micro,ADDR-BLD-1655,ADDR-BLD-1655-U27,1,1,9441111454,contact@gmail.example,ACCT-157997,1,1,active,,1,0,0,0,road_resurfacing
V-0021,Gokul Works LLP,AAHPS2333H,21AAHPS2333H1Z2,MH,laptops_it|road_resurfacing|drugs_generic,2022-11-10,411140.93,2341835.39,micro,ADDR-BLD-5921,ADDR-BLD-5921-U21,1,1,9231283992,contact@gmail.example,ACCT-INTERMED-77001,0,0,active,,0,0,0,0,drugs_generic
V-0022,Lohit Services Private Limited,AAEPS8180F,32AAEPS8180F1Z5,MH,drugs_generic|building_construction,2015-07-22,1129289.49,14876407.89,small,ADDR-BLD-8464,ADDR-BLD-8464-U29,1,1,9008811220,contact@v0022.example,ACCT-627801,0,1,active,,0,0,0,0,building_construction
V-0023,Hemant Enterprises Pvt Ltd,AAGPS8264A,23AAGPS8264A1Z9,MH,office_furniture,2011-11-22,1826349.23,9643404.3,small,ADDR-BLD-6250,ADDR-BLD-6250-U24,1,1,9695659126,contact@v0023.example,ACCT-374408,0,1,active,,1,0,0,0,office_furniture
V-0024,Vayu Contractors Ltd,AAAPS1311D,19AAAPS1311D1Z5,MH,school_uniforms,2013-09-01,112355.89,316317.09,micro,ADDR-BLD-8969,ADDR-BLD-8969-U30,1,2,9291234972,contact@v0024.example,ACCT-253690,0,1,active,,1,0,0,0,school_uniforms
V-0025,Trishul Ventures Private Limited,AAEPS1669H,23AAEPS1669H1Z3,OD,office_furniture,2006-01-19,154578.24,995352.46,micro,ADDR-BLD-2823,ADDR-BLD-2823-U22,1,1,9008811220,filings@sahaytaconsultants.example,ACCT-648029,0,0,active,,1,0,0,0,office_furniture
V-0026,Girija Technologies Private Limited,AADPS9034K,37AADPS9034K1Z4,KL,medical_supplies|solar_streetlight|borewell_drilling,2005-11-20,822227.94,4276652.61,small,ADDR-BLD-5507,ADDR-BLD-5507-U5,1,1,9941271861,contact@v0026.example,ACCT-547635,0,1,active,,1,0,0,0,medical_supplies
V-0027,Omkar Public Sector Corporation Ltd,AAAPS2176E,22AAAPS2176E1Z5,RJ,building_construction,2019-08-23,6855647.21,55972772.03,mid,ADDR-BLD-2497,ADDR-BLD-2497-U27,1,1,9940999781,contact@v0027.example,ACCT-829534,1,1,active,,0,0,1,0,building_construction
V-0028,Tarang Projects,AAEPS2699H,10AAEPS2699H1Z0,KL,drugs_generic,2011-01-26,1823291.64,11958924.61,small,ADDR-BLD-4392,ADDR-BLD-4392-U8,1,1,9627871662,contact@v0028.example,ACCT-622611,1,1,active,,0,0,0,0,drugs_generic
V-0029,Arka Solutions Ltd,AAAPS2051K,37AAAPS2051K1Z9,KL,solar_streetlight|building_construction,2014-09-25,241360109.66,2192104255.75,large,ADDR-BLD-7017,ADDR-BLD-7017-U16,3,3,9545361922,contact@v0029.example,ACCT-593879,1,1,active,,0,0,0,0,building_construction
V-0030,Bharat Associates Ltd,AACPS3389H,16AACPS3389H1Z2,RJ,medical_supplies|laptops_it|water_pipeline,2006-02-24,2236502.63,27526816.03,small,ADDR-BLD-6482,ADDR-BLD-6482-U32,1,1,9688313122,contact@gmail.example,ACCT-188166,1,1,active,,1,0,0,0,laptops_it
V-0031,Utkal Corporation & Co,AAFPS8417K,12AAFPS8417K1Z3,KL,water_pipeline,2021-02-26,2044092.67,12943198.66,small,ADDR-BLD-1837,ADDR-BLD-1837-U1,1,1,9975769349,contact@gmail.example,ACCT-676850,0,1,active,,1,0,0,0,water_pipeline
V-0032,Hemant Public Sector Corporation Ltd,AAFPS6124K,30AAFPS6124K1Z1,IN,water_pipeline,2013-09-21,6060496.16,40081568.9,mid,ADDR-BLD-2734,ADDR-BLD-2734-U15,1,1,9470534101,contact@v0032.example,ACCT-458163,1,1,active,,0,0,1,0,water_pipeline
V-0033,Hemant Supplies Pvt Ltd,AAEPS1852B,13AAEPS1852B1Z0,IN,water_pipeline|laptops_it|school_uniforms,2019-04-07,1048055.03,12929772.23,small,ADDR-BLD-2189,ADDR-BLD-2189-U7,1,1,9626576995,contact@gmail.example,ACCT-942163,0,1,active,,0,0,0,0,laptops_it
V-0034,Chetak Traders,AAHPS7054H,27AAHPS7054H1Z2,KA,laptops_it,2010-08-01,461710.43,3863623.74,micro,ADDR-BLD-3259,ADDR-BLD-3259-U34,1,1,9558502467,contact@v0034.example,ACCT-201190,0,0,active,,0,0,0,0,laptops_it
V-0035,Indra Ventures Ltd,AACPS6516K,15AACPS6516K1Z7,MH,drugs_generic,2007-01-19,1385317.44,7516921.21,small,ADDR-BLD-1843,ADDR-BLD-1843-U38,1,1,9008811220,filings@sahaytaconsultants.example,ACCT-879160,0,1,active,,1,0,0,0,drugs_generic
V-0036,Indra Projects Ltd,AAEPS8735A,35AAEPS8735A1Z7,MH,building_construction,2008-08-05,17061982.27,98859457.27,mid,ADDR-BLD-4350,ADDR-BLD-4350-U31,1,1,9601018392,contact@v0036.example,ACCT-282218,1,1,active,,0,0,0,0,building_construction
V-0037,Eshan Solutions Private Limited,AAEPS9425D,26AAEPS9425D1Z8,OD,ambulance_vehicle,2007-11-01,364110.47,2218791.23,micro,ADDR-BLD-1399,ADDR-BLD-1399-U40,1,1,9503291614,contact@v0037.example,ACCT-238725,0,0,active,,1,0,0,0,ambulance_vehicle
V-0038,Yuvan Supplies,AACPS6863J,16AACPS6863J1Z6,MH,biomedical_service,2019-06-26,477698.53,3218379.75,micro,ADDR-BLD-3508,ADDR-BLD-3508-U30,1,1,9871388611,contact@gmail.example,ACCT-323393,0,1,active,,1,0,0,0,biomedical_service
V-0039,Tarang Traders LLP,AACPS1350D,21AACPS1350D1Z0,OD,drugs_generic,2009-04-29,1558322.79,17412187.67,small,ADDR-BLD-6857,ADDR-BLD-6857-U11,1,1,9349435056,contact@v0039.example,ACCT-609001,0,1,active,,1,0,0,0,drugs_generic
V-0040,Nandi Services LLP,AAAPS7185D,28AAAPS7185D1Z0,KL,security_services,2018-05-19,420696.73,3534453.93,micro,ADDR-BLD-7230,ADDR-BLD-7230-U40,1,1,9558121629,contact@gmail.example,ACCT-759211,0,0,active,,1,0,0,0,security_services
V-0041,Garuda Agencies Private Limited,AAHPS8177F,29AAHPS8177F1Z3,RJ,sanitation_services,2014-04-06,179164.8,2070996.21,micro,ADDR-BLD-9001,ADDR-BLD-9001-U23,2,49,9008811220,contact@gmail.example,ACCT-125988,1,1,active,,1,0,0,0,sanitation_services
V-0042,Pragati Systems Private Limited,AAAPS3641K,21AAAPS3641K1Z8,RJ,road_resurfacing|building_construction|medical_supplies,2008-09-06,198653.27,2332062.99,micro,ADDR-BLD-7789,ADDR-BLD-7789-U3,1,1,9688313122,contact@v0042.example,ACCT-738414,0,0,active,,0,0,0,0,medical_supplies
V-0043,Anant Agencies Pvt Ltd,AADPS9889F,20AADPS9889F1Z7,OD,medical_supplies,2015-12-10,4780699.86,62222194.05,mid,ADDR-BLD-3942,ADDR-BLD-3942-U32,1,1,9181762352,contact@v0043.example,ACCT-142818,1,1,active,,0,0,0,0,medical_supplies
V-0044,Pragati Contractors Private Limited,AACPS6189J,20AACPS6189J1Z0,MH,building_construction,2011-06-15,2311101.99,18566270.29,small,ADDR-BLD-8013,ADDR-BLD-8013-U29,1,1,9223286516,contact@v0044.example,ACCT-916363,0,1,active,,1,0,0,0,building_construction
V-0045,Oja Traders,AAGPS8187H,37AAGPS8187H1Z3,KA,security_services|biomedical_service,2012-12-05,1762368.9,15485664.41,small,ADDR-BLD-6457,ADDR-BLD-6457-U20,1,1,9718536461,contact@v0045.example,ACCT-814223,0,1,active,,1,0,0,0,security_services
V-0046,Shakti Associates Pvt Ltd,AAGPS3268C,13AAGPS3268C1Z3,KA,school_uniforms|laptops_it,2019-07-31,16960239.52,211453763.76,mid,ADDR-BLD-9001,ADDR-BLD-9001-U15,1,49,9774455579,contact@gmail.example,ACCT-740120,1,1,active,,0,0,0,0,school_uniforms
V-0047,Mandar Supplies Pvt Ltd,AAFPS2830G,34AAFPS2830G1Z3,OD,drugs_generic,2021-09-19,210384.59,1963159.23,micro,ADDR-BLD-3618,ADDR-BLD-3618-U13,1,1,9151896828,contact@gmail.example,ACCT-390717,0,0,active,,0,0,0,0,drugs_generic
V-0048,Nandi Industries Private Limited,AAEPS5794E,19AAEPS5794E1Z3,OD,road_resurfacing|security_services,2010-01-07,221680.37,2447331.66,micro,ADDR-BLD-6874,ADDR-BLD-6874-U13,1,1,9008811220,filings@sahaytaconsultants.example,ACCT-860301,0,1,active,,1,0,0,0,security_services
V-0049,Vayu Builders Private Limited,AAGPS5791J,26AAGPS5791J1Z8,KA,sanitation_services,2020-08-27,67722806.55,927448780.32,large,ADDR-BLD-1002,ADDR-BLD-1002-U35,1,1,9108386918,contact@v0049.example,ACCT-207970,1,1,active,,0,0,0,0,sanitation_services
V-0050,Garuda Traders,AAAPS7672C,11AAAPS7672C1Z9,MH,drugs_generic,2024-04-13,10433949.61,102938026.85,mid,ADDR-BLD-7127,ADDR-BLD-7127-U15,1,1,9588318708,contact@v0050.example,ACCT-488209,1,1,active,,0,0,0,0,drugs_generic
V-0051,Dhruva Infra LLP,AACPS4958J,10AACPS4958J1Z6,RJ,building_construction|ambulance_vehicle|drugs_generic,2024-03-02,890477.32,12224058.23,small,ADDR-BLD-2969,ADDR-BLD-2969-U3,1,1,9544783603,contact@v0051.example,ACCT-595914,1,1,active,,1,0,0,0,ambulance_vehicle
V-0052,Rudra Traders Private Limited,AAEPS2747F,34AAEPS2747F1Z6,MH,building_construction,2012-09-21,2342030.75,18187371.11,small,ADDR-BLD-5235,ADDR-BLD-5235-U33,1,1,9642738924,contact@gmail.example,ACCT-331895,1,1,active,,1,0,0,0,building_construction
V-0053,Ishan Agencies Pvt Ltd,AAEPS6435E,12AAEPS6435E1Z2,IN,water_pipeline,2006-05-24,218970.56,1132037.39,micro,ADDR-BLD-6622,ADDR-BLD-6622-U38,1,1,9478121633,contact@v0053.example,ACCT-249639,0,1,active,,0,0,0,0,water_pipeline
V-0054,Utkal Industries & Co,AAFPS1453B,36AAFPS1453B1Z5,KL,medical_supplies,2010-10-22,15891880.85,202523131.49,mid,ADDR-BLD-2155,ADDR-BLD-2155-U24,1,1,9568039228,contact@v0054.example,ACCT-456678,1,1,active,,0,0,0,0,medical_supplies
V-0055,Chetak Corporation Pvt Ltd,AAAPS6082H,25AAAPS6082H1Z2,RJ,office_furniture,2016-10-17,1862851.14,9319125.31,small,ADDR-BLD-4048,ADDR-BLD-4048-U28,1,1,9697647521,contact@gmail.example,ACCT-278292,0,1,active,,0,0,0,0,office_furniture
V-0056,Mandar Works,AACPS3956G,13AACPS3956G1Z9,IN,office_furniture|borewell_drilling|drugs_generic,2008-07-08,789479.0,5224398.95,small,ADDR-BLD-9001,ADDR-BLD-9001-U21,1,49,9852528871,contact@v0056.example,ACCT-674686,0,1,active,,0,0,0,0,borewell_drilling
V-0057,Rudra Builders LLP,AAEPS2882H,22AAEPS2882H1Z1,OD,road_resurfacing,2008-08-18,848238.68,3561443.59,small,ADDR-BLD-6824,ADDR-BLD-6824-U3,1,1,9794487286,contact@v0057.example,ACCT-181833,0,1,active,,0,0,0,0,road_resurfacing
V-0058,Indra Associates & Co,AACPS9675C,36AACPS9675C1Z9,OD,borewell_drilling|school_uniforms,2009-03-26,18794404.15,163828266.68,mid,ADDR-BLD-5676,ADDR-BLD-5676-U17,1,1,9390373381,contact@gmail.example,ACCT-531025,1,1,active,,0,0,0,0,school_uniforms
V-0059,Trishul Associates & Co,AACPS2561C,20AACPS2561C1Z6,KL,water_pipeline,2024-04-22,7012699.73,67251934.25,mid,ADDR-BLD-8884,ADDR-BLD-8884-U6,1,1,9423035543,contact@gmail.example,ACCT-947004,1,1,active,,0,1,0,0,water_pipeline
V-0060,Ujjwal Contractors Ltd,AAHPS1747H,31AAHPS1747H1Z1,RJ,drugs_generic,2010-06-20,310421.59,1768072.14,micro,ADDR-BLD-6603,ADDR-BLD-6603-U9,1,1,9546799438,contact@v0060.example,ACCT-560203,0,1,active,,1,0,0,0,drugs_generic
V-0061,Arka Corporation,AAGPS7353A,34AAGPS7353A1Z9,KA,biomedical_service|water_pipeline|solar_streetlight,2016-07-03,1572099.03,15817076.76,small,ADDR-BLD-8969,ADDR-BLD-8969-U39,1,2,9756815339,contact@v0061.example,ACCT-860928,0,1,active,,0,0,0,0,water_pipeline
V-0062,Garuda Works & Co,AACPS3264J,22AACPS3264J1Z0,KA,security_services,2011-12-10,1036999.81,7741907.81,small,ADDR-BLD-4831,ADDR-BLD-4831-U26,1,1,9518510370,contact@v0062.example,ACCT-210576,0,1,active,,1,0,0,0,security_services
V-0063,Charan Corporation & Co,AAFPS9251K,22AAFPS9251K1Z3,IN,sanitation_services|school_uniforms,2009-12-29,599447.95,6418867.92,small,ADDR-BLD-7802,ADDR-BLD-7802-U39,1,1,9497926344,contact@v0063.example,ACCT-480544,0,1,active,,1,0,0,0,sanitation_services
V-0064,Indra Systems Pvt Ltd,AAEPS1912F,34AAEPS1912F1Z9,OD,laptops_it|office_furniture,2019-09-19,1426810.71,11349131.49,small,ADDR-BLD-8839,ADDR-BLD-8839-U14,1,1,9008811220,filings@sahaytaconsultants.example,ACCT-558303,0,1,active,,1,0,0,0,office_furniture
V-0065,Tarang Ventures Private Limited,AAAPS2141H,12AAAPS2141H1Z6,MH,drugs_generic,2022-06-06,14156057.41,93476895.83,mid,ADDR-BLD-4795,ADDR-BLD-4795-U23,1,1,9669461354,contact@v0065.example,ACCT-331534,1,1,active,,0,0,0,0,drugs_generic
V-0066,Amba Services Ltd,AABPS4487C,28AABPS4487C1Z7,KA,school_uniforms,2016-12-08,122752.54,405432.63,micro,ADDR-BLD-6709,ADDR-BLD-6709-U14,1,1,9919321780,contact@gmail.example,ACCT-508184,0,0,active,,1,0,0,0,school_uniforms
V-0067,Ekta Ventures Ltd,AAFPS8852K,33AAFPS8852K1Z4,IN,medical_supplies,2018-03-21,418856.89,3196823.61,micro,ADDR-BLD-2958,ADDR-BLD-2958-U27,1,1,9783560468,contact@v0067.example,ACCT-383570,1,0,active,,0,0,0,0,medical_supplies
V-0068,Jyoti Technologies Ltd,AACPS8195E,17AACPS8195E1Z6,KL,medical_supplies,2012-06-17,15182865.51,70045966.04,mid,ADDR-BLD-8594,ADDR-BLD-8594-U35,1,1,9657226405,contact@v0068.example,ACCT-973595,1,1,active,,0,0,0,0,medical_supplies
V-0069,Deep Supplies Private Limited,AAGPS8739E,18AAGPS8739E1Z4,KA,medical_supplies|security_services|borewell_drilling,2010-01-01,186855.11,2071136.31,micro,ADDR-BLD-8249,ADDR-BLD-8249-U16,1,1,9239628020,contact@v0069.example,ACCT-258566,0,1,active,,0,0,0,0,borewell_drilling
V-0070,Nandi Ventures Pvt Ltd,AAAPS4683A,14AAAPS4683A1Z5,MH,ambulance_vehicle,2006-07-10,285960.22,2011489.25,micro,ADDR-BLD-5782,ADDR-BLD-5782-U32,1,1,9212719678,contact@v0070.example,ACCT-403984,1,0,active,,0,0,0,0,ambulance_vehicle
V-0071,Girija Ventures Pvt Ltd,AAAPS9785K,29AAAPS9785K1Z6,IN,water_pipeline|solar_streetlight|laptops_it,2017-01-21,2415145.44,8508277.93,small,ADDR-BLD-3494,ADDR-BLD-3494-U30,1,2,9126679072,contact@gmail.example,ACCT-558438,1,1,active,,0,0,0,0,laptops_it
V-0072,Nirmal Enterprises LLP,AAGPS1636D,13AAGPS1636D1Z1,OD,building_construction|ambulance_vehicle|water_pipeline,2010-02-26,149362.47,583403.82,micro,ADDR-BLD-6408,ADDR-BLD-6408-U35,1,1,9662687508,contact@gmail.example,ACCT-396501,1,0,active,,1,0,0,0,ambulance_vehicle
V-0073,Indra Corporation Private Limited,AADPS6992A,27AADPS6992A1Z4,MH,ambulance_vehicle|sanitation_services,2021-01-13,293302.09,856714.74,micro,ADDR-BLD-7457,ADDR-BLD-7457-U38,1,1,9451528362,contact@v0073.example,ACCT-110674,1,1,active,,1,0,0,0,ambulance_vehicle
V-0074,Devi Roadways,AAEPS9808F,20AAEPS9808F1Z8,RJ,biomedical_service,2013-11-15,1248542.41,6163321.04,small,ADDR-BLD-2285,ADDR-BLD-2285-U14,1,1,9982245804,contact@v0074.example,ACCT-755096,0,1,active,,0,0,0,0,biomedical_service
V-0075,Oja Technologies,AADPS5285H,37AADPS5285H1Z5,RJ,biomedical_service,2013-11-29,820005.69,7966433.36,small,ADDR-BLD-4435,ADDR-BLD-4435-U27,1,1,9601222224,contact@gmail.example,ACCT-441759,1,1,active,,1,0,0,0,biomedical_service
V-0076,Tarang Constructions,AADPS7577F,18AADPS7577F1Z9,RJ,laptops_it|road_resurfacing|ambulance_vehicle,2008-08-18,173872720.53,780909241.69,large,ADDR-BLD-5252,ADDR-BLD-5252-U8,1,1,9938022470,contact@gmail.example,ACCT-819600,0,1,active,,0,0,0,0,ambulance_vehicle
V-0077,Zenith Supplies & Co,AADPS4641J,24AADPS4641J1Z4,KL,solar_streetlight,2014-07-29,273607.13,3176183.57,micro,ADDR-BLD-3955,ADDR-BLD-3955-U1,1,1,9818441629,contact@v0077.example,ACCT-617795,1,0,active,,1,0,0,0,solar_streetlight
V-0078,Kalpa Enterprises & Co,AAAPS8430K,23AAAPS8430K1Z1,OD,office_furniture|sanitation_services|water_pipeline,2010-11-07,1612075.7,10255244.84,small,ADDR-BLD-8512,ADDR-BLD-8512-U19,1,1,9623389664,contact@gmail.example,ACCT-276119,0,0,active,,1,0,0,0,office_furniture
V-0079,Falgun Traders Ltd,AADPS8126C,30AADPS8126C1Z4,MH,building_construction|biomedical_service,2019-06-17,1114633.59,6740809.37,small,ADDR-BLD-6434,ADDR-BLD-6434-U27,1,1,9287968358,contact@v0079.example,ACCT-403569,0,1,active,,0,0,0,0,building_construction
V-0080,Nirmal Associates,AADPS6461C,16AADPS6461C1Z3,KL,building_construction,2009-09-03,1560170.81,20811465.87,small,ADDR-BLD-7017,ADDR-BLD-7017-U16,3,3,9389494904,contact@gmail.example,ACCT-INTERMED-77001,1,1,active,,0,0,0,0,building_construction
V-0081,Amba Associates Pvt Ltd,AAAPS8876F,22AAAPS8876F1Z9,IN,water_pipeline,2023-01-06,434423.91,5598002.73,micro,ADDR-BLD-7082,ADDR-BLD-7082-U23,1,1,9474122299,contact@v0081.example,ACCT-403969,0,1,active,,1,0,0,0,water_pipeline
V-0082,Kaveri Systems Pvt Ltd,AAAPS8438F,34AAAPS8438F1Z4,IN,security_services|sanitation_services,2009-09-25,332239.13,3923734.26,micro,ADDR-BLD-3295,ADDR-BLD-3295-U14,1,1,9739452513,contact@v0082.example,ACCT-801157,0,1,active,,0,0,0,0,security_services
V-0083,Jyoti Infra Private Limited,AADPS3039E,18AADPS3039E1Z5,IN,sanitation_services|drugs_generic|security_services,2018-06-17,239939.09,1723999.66,micro,ADDR-BLD-2637,ADDR-BLD-2637-U10,1,1,9137847863,contact@gmail.example,ACCT-735166,0,0,active,,1,0,0,0,security_services
V-0084,Dhruva Agencies Private Limited,AAAPS6452D,35AAAPS6452D1Z7,MH,solar_streetlight|drugs_generic,2011-08-07,440279.6,5045312.65,micro,ADDR-BLD-2773,ADDR-BLD-2773-U5,1,1,9414096924,contact@v0084.example,ACCT-815107,0,1,active,,1,0,0,0,drugs_generic
V-0085,Vidhi Associates LLP,AACPS1221F,16AACPS1221F1Z6,OD,drugs_generic|office_furniture|building_construction,2020-06-11,952983.07,10503191.61,small,ADDR-BLD-4371,ADDR-BLD-4371-U34,1,1,9699776756,contact@v0085.example,ACCT-198495,0,1,active,,1,0,0,0,drugs_generic
V-0086,Oja Engineering Private Limited,AABPS7163H,22AABPS7163H1Z9,OD,building_construction|security_services,2019-11-15,58967212.81,647031490.46,large,ADDR-BLD-5530,ADDR-BLD-5530-U12,1,1,9449925419,contact@gmail.example,ACCT-577709,1,1,active,,0,0,0,0,security_services
V-0087,Meru Agencies Pvt Ltd,AAAPS2203E,31AAAPS2203E1Z3,OD,solar_streetlight|medical_supplies|office_furniture,2010-01-19,743614.97,6350637.68,small,ADDR-BLD-2822,ADDR-BLD-2822-U18,1,1,9390111277,contact@v0087.example,ACCT-125160,0,1,active,,1,0,0,0,medical_supplies
V-0088,Sagar Corporation,AADPS2624J,35AADPS2624J1Z1,RJ,sanitation_services|road_resurfacing,2006-11-26,805005.65,6508720.19,small,ADDR-BLD-7022,ADDR-BLD-7022-U8,1,1,9008811220,filings@sahaytaconsultants.example,ACCT-408304,0,0,active,,1,0,0,0,road_resurfacing
V-0089,Lakshmi Supplies,AABPS4410F,14AABPS4410F1Z9,OD,drugs_generic,2014-07-17,247317315.34,2538469474.44,large,ADDR-BLD-1678,ADDR-BLD-1678-U30,1,1,9964832279,contact@v0089.example,ACCT-586951,1,0,active,,0,0,0,0,drugs_generic
V-0090,Hemant Constructions Pvt Ltd,AAAPS2358K,26AAAPS2358K1Z5,RJ,solar_streetlight|borewell_drilling,2016-08-27,13456824.27,109300194.06,mid,ADDR-BLD-3070,ADDR-BLD-3070-U13,1,1,9207163781,contact@v0090.example,ACCT-771120,1,1,active,,0,0,0,0,borewell_drilling
V-0091,Vidhi Agencies & Co,AABPS1936E,30AABPS1936E1Z3,KA,laptops_it,2005-06-03,1046989.31,7637895.16,small,ADDR-BLD-8033,ADDR-BLD-8033-U11,1,1,9185003399,contact@v0091.example,ACCT-601353,1,1,active,,0,0,0,0,laptops_it
V-0092,Mandar Roadways LLP,AACPS9468E,24AACPS9468E1Z9,OD,road_resurfacing|solar_streetlight,2006-08-28,286819.83,2354245.19,micro,ADDR-BLD-7797,ADDR-BLD-7797-U21,1,1,9467967451,contact@v0092.example,ACCT-541221,0,1,active,,1,0,0,0,solar_streetlight
V-0093,Oja Projects Private Limited,AABPS4211J,17AABPS4211J1Z0,KA,solar_streetlight,2023-03-25,806259.49,9589820.65,small,ADDR-BLD-4959,ADDR-BLD-4959-U37,1,1,9649744319,contact@v0093.example,ACCT-831884,0,1,active,,1,0,0,0,solar_streetlight
V-0094,Lohit Engineering Ltd,AAFPS6565J,31AAFPS6565J1Z5,OD,ambulance_vehicle|medical_supplies,2022-08-31,8619789.31,62855695.42,mid,ADDR-BLD-6591,ADDR-BLD-6591-U23,1,1,9916689452,contact@v0094.example,ACCT-279858,1,1,active,,0,0,0,0,ambulance_vehicle
V-0095,Harsha Engineering Private Limited,AADPS1899A,31AADPS1899A1Z2,KA,ambulance_vehicle,2005-08-07,387325.84,1601145.85,micro,ADDR-BLD-6781,ADDR-BLD-6781-U14,1,1,9696547580,contact@v0095.example,ACCT-916235,1,1,active,,0,0,0,0,ambulance_vehicle
V-0096,Mandar Contractors Pvt Ltd,AABPS4165J,11AABPS4165J1Z1,KA,road_resurfacing|ambulance_vehicle,2012-01-20,891877.13,12466560.28,small,ADDR-BLD-5641,ADDR-BLD-5641-U36,1,1,9585694030,contact@gmail.example,ACCT-491979,1,1,active,,1,0,0,0,road_resurfacing
V-0097,Hemant Constructions & Co,AAFPS8126F,31AAFPS8126F1Z3,IN,ambulance_vehicle,2019-12-22,227626.66,715069.45,micro,ADDR-BLD-5290,ADDR-BLD-5290-U13,1,1,9975064045,contact@v0097.example,ACCT-417848,0,1,active,,1,0,0,0,ambulance_vehicle
V-0098,Chakra Supplies Pvt Ltd,AACPS4654D,19AACPS4654D1Z6,KL,borewell_drilling|office_furniture,2006-01-20,463682.22,4284705.34,micro,ADDR-BLD-2697,ADDR-BLD-2697-U26,1,1,9454538037,contact@gmail.example,ACCT-154539,1,1,active,,0,0,0,0,borewell_drilling
V-0099,Devi Traders,AAHPS1675C,15AAHPS1675C1Z4,KL,drugs_generic|building_construction|water_pipeline,2021-01-19,130735034.54,1524728562.72,large,ADDR-BLD-4752,ADDR-BLD-4752-U1,1,1,9707699476,contact@v0099.example,ACCT-784505,0,1,active,,0,0,0,0,water_pipeline
V-0100,Shakti Engineering,AABPS4817D,31AABPS4817D1Z1,KA,ambulance_vehicle,2005-11-19,15367840.52,133732686.29,mid,ADDR-BLD-1401,ADDR-BLD-1401-U15,1,1,9523744525,contact@v0100.example,ACCT-311855,1,1,active,,0,0,0,0,ambulance_vehicle
V-0101,Bharat Corporation Pvt Ltd,AAHPS2951H,21AAHPS2951H1Z5,RJ,laptops_it,2021-02-21,1290934.07,17490659.64,small,ADDR-BLD-2126,ADDR-BLD-2126-U13,1,1,9798685169,contact@v0101.example,ACCT-284422,0,1,active,,1,0,0,0,laptops_it
V-0102,Pragati Industries & Co,AADPS4017G,26AADPS4017G1Z2,RJ,office_furniture|water_pipeline|sanitation_services,2005-04-15,1353957.78,17699469.93,small,ADDR-BLD-4725,ADDR-BLD-4725-U20,1,1,9424727935,contact@v0102.example,ACCT-134898,1,1,active,,1,0,0,0,sanitation_services
V-0103,Vidhi Builders LLP,AADPS9941K,18AADPS9941K1Z9,RJ,road_resurfacing,2020-07-27,1022965.57,11425258.85,small,ADDR-BLD-2536,ADDR-BLD-2536-U2,1,1,9947765974,contact@v0103.example,ACCT-991227,0,1,active,,0,0,0,0,road_resurfacing
V-0104,Hansa Builders,AAHPS6127J,20AAHPS6127J1Z1,IN,ambulance_vehicle|drugs_generic,2022-04-03,437566.38,2272748.16,micro,ADDR-BLD-2751,ADDR-BLD-2751-U40,1,1,9788069098,contact@v0104.example,ACCT-573527,1,0,active,,0,0,0,0,ambulance_vehicle
V-0105,Amba Infra Pvt Ltd,AAAPS8392C,12AAAPS8392C1Z4,KL,medical_supplies|borewell_drilling,2012-10-07,350129.03,2009595.58,micro,ADDR-BLD-7270,ADDR-BLD-7270-U27,1,1,9929113984,contact@v0105.example,ACCT-879893,0,1,active,,0,0,0,0,medical_supplies
V-0106,Chakra Traders LLP,AAFPS4458K,35AAFPS4458K1Z2,KA,sanitation_services,2024-03-06,468861.46,1861407.28,micro,ADDR-BLD-9001,ADDR-BLD-9001-U23,2,49,9259546180,contact@gmail.example,ACCT-214813,0,1,active,,0,1,0,0,sanitation_services
V-0107,Kalpa Contractors Pvt Ltd,AACPS5896F,15AACPS5896F1Z2,MH,security_services,2019-06-03,1828799.42,21059729.28,small,ADDR-BLD-8250,ADDR-BLD-8250-U12,1,1,9519589479,contact@gmail.example,ACCT-672321,0,1,active,,1,0,0,0,security_services
V-0108,Harsha Agencies LLP,AAAPS6872J,29AAAPS6872J1Z0,IN,sanitation_services,2008-03-19,14868407.59,191592742.93,mid,ADDR-BLD-1550,ADDR-BLD-1550-U37,1,1,9977123945,contact@gmail.example,ACCT-468449,1,1,active,,0,0,0,0,sanitation_services
V-0109,Nandi Contractors,AAHPS5568F,23AAHPS5568F1Z1,OD,road_resurfacing|building_construction|office_furniture,2008-12-19,213549.47,2022209.78,micro,ADDR-BLD-7572,ADDR-BLD-7572-U38,1,1,9985427303,contact@v0109.example,ACCT-256207,0,1,active,,1,0,0,0,building_construction
V-0110,Lohit Corporation Ltd,AAAPS2855G,18AAAPS2855G1Z9,KL,office_furniture|medical_supplies|borewell_drilling,2022-11-20,640860.39,8279059.43,small,ADDR-BLD-6867,ADDR-BLD-6867-U14,1,1,9492680740,contact@gmail.example,ACCT-233268,1,1,active,,1,1,0,0,office_furniture
V-0111,Mandar Constructions Private Limited,AACPS6020J,11AACPS6020J1Z6,MH,water_pipeline|sanitation_services,2006-02-09,7180132.62,81147382.42,mid,ADDR-BLD-5876,ADDR-BLD-5876-U35,1,1,9575703691,contact@gmail.example,ACCT-449140,1,1,active,,0,0,0,0,sanitation_services
V-0112,Hansa Engineering Private Limited,AAEPS6234B,20AAEPS6234B1Z8,KA,ambulance_vehicle|water_pipeline|security_services,2017-11-14,383850.05,2842197.05,micro,ADDR-BLD-3185,ADDR-BLD-3185-U2,1,1,9309858644,contact@gmail.example,ACCT-569013,0,0,active,,0,0,0,0,security_services
V-0113,Yamuna Enterprises Pvt Ltd,AAAPS1987A,23AAAPS1987A1Z4,OD,borewell_drilling,2022-06-08,16506247.49,120667392.49,mid,ADDR-BLD-3009,ADDR-BLD-3009-U35,1,1,9835058940,contact@v0113.example,ACCT-733932,1,1,active,,0,1,0,0,borewell_drilling
V-0114,Shakti Agencies Ltd,AAAPS3127E,26AAAPS3127E1Z3,RJ,office_furniture|solar_streetlight|sanitation_services,2011-04-27,319819.25,2833471.83,micro,ADDR-BLD-3856,ADDR-BLD-3856-U17,1,1,9222184532,contact@gmail.example,ACCT-430242,0,1,active,,1,0,0,0,sanitation_services
V-0115,Bhoomi Associates,AAFPS8456D,31AAFPS8456D1Z1,KL,drugs_generic,2019-08-18,18909244.14,58367749.96,mid,ADDR-BLD-7258,ADDR-BLD-7258-U9,1,1,9921705878,contact@v0115.example,ACCT-864882,1,1,active,,0,0,0,0,drugs_generic
V-0116,Devi Supplies & Co,AADPS5502K,10AADPS5502K1Z6,MH,biomedical_service|security_services,2015-05-07,472560.1,3580116.25,micro,ADDR-BLD-3801,ADDR-BLD-3801-U30,1,1,9885400852,contact@v0116.example,ACCT-730436,0,1,active,,0,0,0,0,biomedical_service
V-0117,Meru Services Private Limited,AACPS3108B,35AACPS3108B1Z0,OD,building_construction,2010-10-06,448008.22,4290227.43,micro,ADDR-BLD-5508,ADDR-BLD-5508-U22,1,1,9756092804,contact@v0117.example,ACCT-974341,0,0,active,,1,0,0,0,building_construction
V-0118,Falgun Engineering,AAEPS8262H,34AAEPS8262H1Z4,KA,water_pipeline|solar_streetlight,2012-01-21,18837774.71,215431915.11,mid,ADDR-BLD-6984,ADDR-BLD-6984-U26,1,1,9437340899,contact@gmail.example,ACCT-941938,0,1,active,,0,0,0,0,solar_streetlight
V-0119,Oja Industries Private Limited,AAHPS8251H,14AAHPS8251H1Z5,RJ,road_resurfacing|borewell_drilling|laptops_it,2024-04-18,11784837.69,53469447.78,mid,ADDR-BLD-5002,ADDR-BLD-5002-U24,1,1,9457153800,contact@gmail.example,ACCT-547989,1,0,active,,0,1,0,0,borewell_drilling
V-0120,Oja Builders Pvt Ltd,AACPS4999F,20AACPS4999F1Z3,OD,office_furniture|borewell_drilling|biomedical_service,2011-02-18,231792.12,1274617.8,micro,ADDR-BLD-4997,ADDR-BLD-4997-U32,1,1,9949172539,contact@v0120.example,ACCT-588866,0,1,active,,0,0,0,0,borewell_drilling
V-0121,Charan Systems & Co,AAGPS5520A,24AAGPS5520A1Z0,MH,office_furniture,2008-03-15,373467.86,1673046.58,micro,ADDR-BLD-4458,ADDR-BLD-4458-U9,1,1,9965051103,contact@v0121.example,ACCT-274757,0,0,active,,0,0,0,0,office_furniture
V-0122,Harsha Works Pvt Ltd,AAEPS1799F,30AAEPS1799F1Z8,KL,laptops_it|office_furniture,2009-06-20,1332009.67,12232524.62,small,ADDR-BLD-8652,ADDR-BLD-8652-U28,1,1,9589036603,contact@gmail.example,ACCT-148954,0,1,active,,1,0,0,0,laptops_it
V-0123,Oja Agencies,AAFPS8708D,28AAFPS8708D1Z8,KA,building_construction|solar_streetlight|school_uniforms,2012-02-03,1587641.25,15068133.64,small,ADDR-BLD-8764,ADDR-BLD-8764-U8,1,1,9794202985,contact@v0123.example,ACCT-212199,0,0,active,,1,0,0,0,school_uniforms
V-0124,Ishan Engineering LLP,AAFPS8221E,10AAFPS8221E1Z0,KA,ambulance_vehicle|biomedical_service|water_pipeline,2011-04-24,747671.73,9453243.76,small,ADDR-BLD-7540,ADDR-BLD-7540-U15,1,1,9701871906,contact@v0124.example,ACCT-520855,0,1,active,,1,0,0,0,water_pipeline
V-0125,Anant Ventures,AACPS1561C,17AACPS1561C1Z8,KL,ambulance_vehicle|water_pipeline,2021-10-06,2511517.32,12085227.3,mid,ADDR-BLD-8240,ADDR-BLD-8240-U15,1,1,9449327448,contact@v0125.example,ACCT-INTERMED-77001,1,1,active,,0,0,0,0,ambulance_vehicle
V-0126,Mandar Services,AAGPS7445H,23AAGPS7445H1Z0,RJ,building_construction|school_uniforms|security_services,2010-11-28,218393.4,2448554.29,micro,ADDR-BLD-8355,ADDR-BLD-8355-U13,1,1,9980000772,contact@v0126.example,ACCT-215354,0,1,active,,1,0,0,0,school_uniforms
V-0127,Kalpa Infra,AAFPS7277G,34AAFPS7277G1Z6,RJ,office_furniture,2020-05-14,263768.88,2547911.72,micro,ADDR-BLD-5670,ADDR-BLD-5670-U34,1,1,9192329511,contact@v0127.example,ACCT-394585,0,1,active,,1,0,0,0,office_furniture
V-0128,Jyoti Enterprises LLP,AAFPS3030J,11AAFPS3030J1Z6,IN,sanitation_services|security_services|laptops_it,2017-04-07,1045265.49,8465463.18,small,ADDR-BLD-6021,ADDR-BLD-6021-U19,1,2,9727943579,contact@gmail.example,ACCT-806693,1,0,active,,1,0,0,0,sanitation_services
V-0129,Harsha Traders Private Limited,AACPS7964G,37AACPS7964G1Z0,KA,ambulance_vehicle,2015-07-23,2017975.38,9947032.94,small,ADDR-BLD-4433,ADDR-BLD-4433-U6,1,1,9120052273,contact@v0129.example,ACCT-936921,0,1,active,,1,0,0,0,ambulance_vehicle
V-0130,Vayu Engineering Private Limited,AADPS2329C,34AADPS2329C1Z9,RJ,solar_streetlight,2019-06-04,1058799.56,8198341.21,small,ADDR-BLD-8811,ADDR-BLD-8811-U27,1,1,9959337848,contact@gmail.example,ACCT-792384,0,1,active,,0,0,0,0,solar_streetlight
V-0131,Nirmal Technologies Pvt Ltd,AAHPS7781C,19AAHPS7781C1Z6,KA,road_resurfacing,2013-03-01,15298588.91,68090691.54,mid,ADDR-BLD-4073,ADDR-BLD-4073-U29,1,1,9974080060,contact@gmail.example,ACCT-855470,1,1,active,,0,0,0,0,road_resurfacing
V-0132,Lakshmi Projects Pvt Ltd,AAAPS8075J,12AAAPS8075J1Z9,RJ,road_resurfacing,2022-10-29,229277815.72,2202317524.74,large,ADDR-BLD-7175,ADDR-BLD-7175-U19,1,1,9736193284,contact@v0132.example,ACCT-992157,1,1,active,,0,1,0,0,road_resurfacing
V-0133,Anant Projects & Co,AAHPS4113B,12AAHPS4113B1Z0,MH,borewell_drilling|school_uniforms,2013-07-14,197008.58,1683295.88,micro,ADDR-BLD-3812,ADDR-BLD-3812-U32,1,1,9194905775,contact@v0133.example,ACCT-156516,0,1,active,,0,0,0,0,school_uniforms
V-0134,Kalpa Builders Pvt Ltd,AACPS4956K,30AACPS4956K1Z1,RJ,sanitation_services,2010-01-28,887983.99,4459621.14,small,ADDR-BLD-1761,ADDR-BLD-1761-U37,1,1,9917328868,contact@v0134.example,ACCT-712864,0,1,active,,0,0,0,0,sanitation_services
V-0135,Arka Associates LLP,AAFPS6461K,19AAFPS6461K1Z0,IN,ambulance_vehicle|drugs_generic,2005-11-28,12883981.54,90282087.25,mid,ADDR-BLD-8724,ADDR-BLD-8724-U16,1,1,9919035355,contact@v0135.example,ACCT-974833,1,1,active,,0,0,0,0,ambulance_vehicle
V-0136,Eshan Contractors,AAFPS1336D,37AAFPS1336D1Z6,KL,water_pipeline,2012-12-08,2411460.17,19498514.84,small,ADDR-BLD-6717,ADDR-BLD-6717-U26,1,1,9330911005,contact@v0136.example,ACCT-268520,1,1,active,,0,0,0,0,water_pipeline
V-0137,Pragati Projects,AAAPS7498F,23AAAPS7498F1Z9,KA,medical_supplies|biomedical_service|office_furniture,2009-10-25,1012225.16,3059203.78,small,ADDR-BLD-3790,ADDR-BLD-3790-U31,1,1,9127382132,contact@v0137.example,ACCT-463592,0,1,active,,1,0,0,0,medical_supplies
V-0138,Anant Traders LLP,AADPS7410E,27AADPS7410E1Z2,KL,building_construction|office_furniture|ambulance_vehicle,2009-02-18,28646499.15,292290294.69,large,ADDR-BLD-7017,ADDR-BLD-7017-U16,3,3,9884271511,contact@v0138.example,ACCT-861953,1,0,active,,0,0,0,0,ambulance_vehicle
V-0139,Ujjwal Engineering Ltd,AACPS1665J,11AACPS1665J1Z1,MH,laptops_it,2015-04-02,1962294.29,20304406.4,small,ADDR-BLD-1651,ADDR-BLD-1651-U19,1,1,9104047745,contact@v0139.example,ACCT-980041,0,0,active,,0,0,0,0,laptops_it
V-0140,Meru Ventures Pvt Ltd,AADPS8170F,14AADPS8170F1Z4,KA,security_services|drugs_generic|road_resurfacing,2007-08-15,2443522.83,28433623.43,small,ADDR-BLD-3044,ADDR-BLD-3044-U26,1,1,9999597098,contact@gmail.example,ACCT-535825,0,1,active,,1,0,0,0,security_services
V-0141,Deep Services Pvt Ltd,AADPS8076B,18AADPS8076B1Z6,KA,biomedical_service,2005-06-03,137028.85,1905410.96,micro,ADDR-BLD-3290,ADDR-BLD-3290-U32,1,1,9793067100,contact@gmail.example,ACCT-800341,0,0,active,,0,0,0,0,biomedical_service
V-0142,Dhruva Builders,AACPS3772B,36AACPS3772B1Z6,MH,laptops_it,2005-09-03,59138031.12,352641410.39,large,ADDR-BLD-7194,ADDR-BLD-7194-U17,1,1,9718156892,contact@gmail.example,ACCT-846518,1,1,active,,0,0,0,0,laptops_it
V-0143,Yuvan Industries Private Limited,AABPS1627B,25AABPS1627B1Z4,MH,biomedical_service,2006-12-12,309766.84,3637063.03,micro,ADDR-BLD-5563,ADDR-BLD-5563-U9,1,1,9233255399,contact@gmail.example,ACCT-212707,0,0,active,,1,0,0,0,biomedical_service
V-0144,Lakshmi Corporation Ltd,AACPS2565J,25AACPS2565J1Z2,MH,water_pipeline|sanitation_services|school_uniforms,2008-08-27,2353778.11,13558488.24,small,ADDR-BLD-4255,ADDR-BLD-4255-U20,1,1,9516193448,contact@gmail.example,ACCT-171374,0,1,active,,0,0,0,0,school_uniforms
V-0145,Rudra Supplies LLP,AAFPS8622B,22AAFPS8622B1Z1,KL,water_pipeline|security_services|school_uniforms,2022-03-06,575419.62,5111714.16,small,ADDR-BLD-8278,ADDR-BLD-8278-U18,1,1,9522960769,contact@v0145.example,ACCT-261689,1,1,active,,0,1,0,0,security_services
V-0146,Falgun Supplies Pvt Ltd,AAEPS7714B,23AAEPS7714B1Z6,OD,building_construction,2020-12-04,1494760.78,5523526.08,small,ADDR-BLD-5941,ADDR-BLD-5941-U36,1,1,9278657243,contact@v0146.example,ACCT-811239,0,1,active,,0,0,0,0,building_construction
V-0147,Amba Supplies LLP,AAHPS9732J,29AAHPS9732J1Z5,IN,laptops_it,2015-10-05,487196.41,2492691.87,micro,ADDR-BLD-5502,ADDR-BLD-5502-U40,1,1,9723585573,contact@v0147.example,ACCT-603762,0,1,active,,1,0,0,0,laptops_it
V-0148,Lakshmi Supplies & Co,AAEPS8476F,13AAEPS8476F1Z0,KA,school_uniforms,2012-06-13,670190.6,4691537.36,small,ADDR-BLD-9001,ADDR-BLD-9001-U28,1,49,9203917856,contact@gmail.example,ACCT-422773,0,1,active,,1,0,0,0,school_uniforms
V-0149,Mandar Roadways Pvt Ltd,AAGPS8090H,34AAGPS8090H1Z3,MH,road_resurfacing|office_furniture|ambulance_vehicle,2012-08-10,403793.22,1441916.71,micro,ADDR-BLD-6588,ADDR-BLD-6588-U12,1,1,9802510242,contact@v0149.example,ACCT-885237,0,0,active,,1,0,0,0,office_furniture
V-0150,Pragati Industries Ltd,AAEPS9478E,25AAEPS9478E1Z1,OD,biomedical_service,2006-09-09,1803885.61,20372972.18,small,ADDR-BLD-7422,ADDR-BLD-7422-U24,1,1,9992548257,contact@gmail.example,ACCT-324990,0,1,active,,1,0,0,0,biomedical_service
V-0151,Oja Works Ltd,AACPS1449F,13AACPS1449F1Z0,IN,solar_streetlight,2011-12-19,1607893.39,20074885.6,small,ADDR-BLD-4984,ADDR-BLD-4984-U30,1,1,9110442289,contact@gmail.example,ACCT-405796,0,0,active,,1,0,0,0,solar_streetlight
V-0152,Parth Systems Ltd,AAGPS1343D,18AAGPS1343D1Z5,OD,borewell_drilling,2022-02-12,389091.8,1516908.06,micro,ADDR-BLD-1938,ADDR-BLD-1938-U34,1,1,9699721735,contact@gmail.example,ACCT-942527,0,1,active,,0,0,0,0,borewell_drilling
V-0153,Arka Engineering,AAEPS5841J,26AAEPS5841J1Z2,KA,road_resurfacing|school_uniforms|laptops_it,2015-02-05,235823.61,1028440.97,micro,ADDR-BLD-9001,ADDR-BLD-9001-U29,1,49,9444207691,contact@gmail.example,ACCT-152637,1,1,active,,1,0,0,0,road_resurfacing
V-0154,Garuda Enterprises Private Limited,AAGPS2802F,22AAGPS2802F1Z5,OD,solar_streetlight,2006-12-08,2385114.72,16061504.86,small,ADDR-BLD-3613,ADDR-BLD-3613-U33,1,1,9137094526,contact@v0154.example,ACCT-854561,0,1,active,,1,0,0,0,solar_streetlight
V-0155,Dhruva Technologies Ltd,AACPS3298J,15AACPS3298J1Z4,KA,building_construction|solar_streetlight|road_resurfacing,2022-08-09,13348001.3,78217288.76,mid,ADDR-BLD-4444,ADDR-BLD-4444-U21,1,1,9671991266,contact@v0155.example,ACCT-267156,1,1,active,,0,0,0,0,building_construction
V-0156,Dhruva Solutions & Co,AACPS3501C,16AACPS3501C1Z7,MH,biomedical_service|road_resurfacing|laptops_it,2024-03-29,213864834.86,2081036054.34,large,ADDR-BLD-1341,ADDR-BLD-1341-U36,1,1,9675742716,contact@v0156.example,ACCT-500412,1,1,active,,0,0,0,0,biomedical_service
V-0157,Shakti Associates Ltd,AAGPS4609C,15AAGPS4609C1Z1,OD,road_resurfacing|ambulance_vehicle|security_services,2009-11-10,1597268.54,9678179.15,small,ADDR-BLD-1751,ADDR-BLD-1751-U30,1,1,9305725673,contact@gmail.example,ACCT-130134,0,1,active,,1,0,0,0,security_services
V-0158,Shakti Works Private Limited,AAHPS4938K,18AAHPS4938K1Z9,OD,office_furniture,2012-12-22,329812.01,1917554.84,micro,ADDR-BLD-3494,ADDR-BLD-3494-U21,1,2,9645099925,contact@v0158.example,ACCT-INTERMED-77001,0,1,active,,0,0,0,0,office_furniture
V-0159,Harsha Supplies,AAFPS7304A,34AAFPS7304A1Z8,OD,school_uniforms|laptops_it,2012-09-17,4805742.62,43193298.56,mid,ADDR-BLD-6421,ADDR-BLD-6421-U26,1,1,9957011593,contact@v0159.example,ACCT-394018,1,1,active,,0,0,0,0,school_uniforms
V-0160,Garuda Builders Ltd,AABPS3833K,13AABPS3833K1Z5,RJ,biomedical_service|laptops_it,2011-11-10,2423885.76,23232852.61,small,ADDR-BLD-3223,ADDR-BLD-3223-U37,1,1,9539535415,contact@gmail.example,ACCT-942077,0,1,active,,1,0,0,0,biomedical_service
V-0161,Anant Enterprises & Co,AAHPS9859F,22AAHPS9859F1Z7,RJ,borewell_drilling,2013-05-12,15664316.37,205147857.36,mid,ADDR-BLD-5716,ADDR-BLD-5716-U14,1,1,9166650208,contact@v0161.example,ACCT-801266,0,1,active,,0,0,0,0,borewell_drilling
V-0162,Sagar Technologies Private Limited,AADPS4512D,36AADPS4512D1Z6,KA,drugs_generic,2010-01-28,291995.12,2464607.23,micro,ADDR-BLD-6052,ADDR-BLD-6052-U9,1,1,9508927036,contact@v0162.example,ACCT-985093,0,0,active,,1,0,0,0,drugs_generic
V-0163,Ishan Solutions Ltd,AAGPS6691G,18AAGPS6691G1Z8,OD,security_services,2009-07-11,2215382.01,16386093.17,small,ADDR-BLD-6778,ADDR-BLD-6778-U24,1,1,9538868939,contact@gmail.example,ACCT-863999,1,1,active,,1,0,0,0,security_services
V-0164,Ujjwal Roadways,AAFPS5813J,11AAFPS5813J1Z7,KL,security_services,2010-05-26,108326.12,1301394.16,micro,ADDR-BLD-6633,ADDR-BLD-6633-U32,1,1,9947408465,contact@v0164.example,ACCT-458212,0,1,active,,1,0,0,0,security_services
V-0165,Omkar Corporation LLP,AAEPS8364E,28AAEPS8364E1Z2,RJ,road_resurfacing,2007-09-02,10500219.38,92866262.24,mid,ADDR-BLD-5404,ADDR-BLD-5404-U23,1,1,9453379091,contact@v0165.example,ACCT-373838,1,0,active,,0,0,0,0,road_resurfacing
V-0166,Parth Agencies & Co,AADPS1458E,20AADPS1458E1Z0,MH,biomedical_service,2005-11-30,156169454.53,594252929.43,large,ADDR-BLD-5217,ADDR-BLD-5217-U10,1,1,9433857935,contact@v0166.example,ACCT-347112,1,1,active,,0,0,0,0,biomedical_service
V-0167,Yuvan Services,AABPS2809A,18AABPS2809A1Z0,RJ,school_uniforms,2011-04-01,998190.53,10274285.28,small,ADDR-BLD-6390,ADDR-BLD-6390-U11,1,2,9225944854,contact@gmail.example,ACCT-627860,0,1,active,,0,0,0,0,school_uniforms
V-0168,Zenith Builders,AAGPS9257J,25AAGPS9257J1Z6,OD,water_pipeline|laptops_it|security_services,2015-01-09,113926.65,878816.33,micro,ADDR-BLD-2201,ADDR-BLD-2201-U13,1,1,9972216574,contact@v0168.example,ACCT-506258,0,0,active,,1,0,0,0,water_pipeline
V-0169,Nirmal Services LLP,AAAPS6604A,20AAAPS6604A1Z1,KA,borewell_drilling,2009-07-09,15626855.29,159214133.85,mid,ADDR-BLD-6103,ADDR-BLD-6103-U8,1,1,9625557138,contact@v0169.example,ACCT-304843,1,1,active,,0,0,0,0,borewell_drilling
V-0170,Kaveri Solutions & Co,AAFPS9886K,10AAFPS9886K1Z0,MH,drugs_generic|sanitation_services,2006-08-22,17231388.28,58939632.32,mid,ADDR-BLD-7078,ADDR-BLD-7078-U17,1,1,9911191863,contact@gmail.example,ACCT-493030,1,1,active,,0,0,0,0,sanitation_services
V-0171,Nandi Roadways & Co,AAEPS9099J,32AAEPS9099J1Z2,KL,office_furniture,2014-09-06,19381880.51,251661272.74,mid,ADDR-BLD-8157,ADDR-BLD-8157-U12,1,1,9242436434,contact@gmail.example,ACCT-246831,1,1,active,,0,0,0,0,office_furniture
V-0172,Mandar Engineering & Co,AAFPS5833F,37AAFPS5833F1Z8,KL,medical_supplies|ambulance_vehicle|solar_streetlight,2021-01-09,307325.6,4103385.15,micro,ADDR-BLD-4199,ADDR-BLD-4199-U12,1,1,9543875969,contact@v0172.example,ACCT-199150,0,0,active,,0,0,0,0,ambulance_vehicle
V-0173,Rudra Projects LLP,AAEPS5598B,28AAEPS5598B1Z3,OD,laptops_it,2015-10-14,17215686.05,154175785.18,mid,ADDR-BLD-6142,ADDR-BLD-6142-U32,1,1,9842894430,contact@v0173.example,ACCT-347537,1,1,active,,0,0,0,0,laptops_it
V-0174,Falgun Agencies & Co,AAAPS4770A,16AAAPS4770A1Z3,RJ,sanitation_services|biomedical_service|solar_streetlight,2019-01-31,192496.35,1661981.79,micro,ADDR-BLD-2277,ADDR-BLD-2277-U3,1,1,9601315939,contact@gmail.example,ACCT-462373,0,1,active,,1,0,0,0,sanitation_services
V-0175,Rudra Systems LLP,AABPS5690K,18AABPS5690K1Z3,KA,building_construction,2016-05-03,182404.78,681772.73,micro,ADDR-BLD-8110,ADDR-BLD-8110-U32,1,1,9899899404,contact@gmail.example,ACCT-826122,1,1,active,,1,0,0,0,building_construction
V-0176,Utkal Roadways Pvt Ltd,AADPS7566K,24AADPS7566K1Z8,KA,road_resurfacing,2019-07-03,465088.19,1836288.59,micro,ADDR-BLD-8781,ADDR-BLD-8781-U29,1,1,9174288090,contact@gmail.example,ACCT-282858,0,0,active,,1,0,0,0,road_resurfacing
V-0177,Oja Works Private Limited,AAEPS3023H,22AAEPS3023H1Z7,RJ,water_pipeline,2008-01-12,10655435.04,148440512.69,mid,ADDR-BLD-8396,ADDR-BLD-8396-U16,1,1,9658467346,contact@gmail.example,ACCT-426416,1,1,active,,0,0,0,0,water_pipeline
V-0178,Amba Projects Ltd,AAFPS4838K,18AAFPS4838K1Z6,KA,water_pipeline,2020-11-05,209039.58,2089435.15,micro,ADDR-BLD-6302,ADDR-BLD-6302-U11,1,1,9468033298,contact@v0178.example,ACCT-539423,1,0,active,,1,0,0,0,water_pipeline
V-0179,Bindu Corporation & Co,AAHPS2905J,25AAHPS2905J1Z5,KL,security_services,2006-04-05,2147510.06,9204915.04,small,ADDR-BLD-2783,ADDR-BLD-2783-U29,1,1,9108907637,contact@v0179.example,ACCT-990198,1,1,active,,1,0,0,0,security_services
V-0180,Dhruva Infra Private Limited,AAEPS9577B,31AAEPS9577B1Z3,OD,borewell_drilling|ambulance_vehicle|sanitation_services,2006-02-27,1047502.73,8404136.24,small,ADDR-BLD-8380,ADDR-BLD-8380-U29,1,1,9008811220,filings@sahaytaconsultants.example,ACCT-803102,1,1,active,,1,0,0,0,sanitation_services
V-0181,Devi Technologies LLP,AABPS1741K,28AABPS1741K1Z6,KA,office_furniture|borewell_drilling|medical_supplies,2020-11-08,4266566.28,49785203.99,mid,ADDR-BLD-7834,ADDR-BLD-7834-U13,1,1,9129341209,contact@v0181.example,ACCT-929540,1,1,active,,0,0,0,0,borewell_drilling
V-0182,Ujjwal Roadways & Co,AADPS1060F,21AADPS1060F1Z3,KA,road_resurfacing|water_pipeline,2018-03-19,1759730.47,12898301.98,small,ADDR-BLD-1071,ADDR-BLD-1071-U11,1,1,9956826376,contact@v0182.example,ACCT-INTERMED-77001,1,1,active,,1,0,0,0,road_resurfacing
V-0183,Yamuna Works LLP,AAEPS7196E,14AAEPS7196E1Z0,KL,office_furniture,2018-01-01,571397.74,6431661.28,small,ADDR-BLD-6459,ADDR-BLD-6459-U23,1,1,9146561042,contact@v0183.example,ACCT-344351,1,1,active,,1,0,0,0,office_furniture
V-0184,Bindu Engineering Pvt Ltd,AAFPS6402J,37AAFPS6402J1Z1,MH,borewell_drilling,2012-11-12,1937419.84,22609149.03,small,ADDR-BLD-3176,ADDR-BLD-3176-U29,1,1,9870000784,contact@v0184.example,ACCT-531619,0,1,active,,0,0,0,0,borewell_drilling
V-0185,Dhruva Traders,AAHPS9635G,22AAHPS9635G1Z9,KL,security_services,2014-09-26,1506090.79,18937139.97,small,ADDR-BLD-8462,ADDR-BLD-8462-U15,1,1,9163293265,contact@gmail.example,ACCT-494386,1,1,active,,0,0,0,0,security_services
V-0186,Pragati Solutions LLP,AAEPS2196J,37AAEPS2196J1Z5,OD,laptops_it,2011-12-09,1120924.84,8682177.48,small,ADDR-BLD-8187,ADDR-BLD-8187-U8,1,1,9549343362,contact@v0186.example,ACCT-696462,0,1,active,,0,0,0,0,laptops_it
V-0187,Amba Agencies,AAGPS7879K,21AAGPS7879K1Z7,IN,laptops_it|water_pipeline|solar_streetlight,2023-10-28,1057872.2,9432589.34,small,ADDR-BLD-6696,ADDR-BLD-6696-U28,1,1,9960095836,contact@v0187.example,ACCT-806693,1,1,active,,1,0,0,0,laptops_it
V-0188,Mandar Traders LLP,AABPS1594C,25AABPS1594C1Z6,MH,solar_streetlight,2021-11-21,110594.55,464620.17,micro,ADDR-BLD-5242,ADDR-BLD-5242-U11,1,1,9447682362,contact@v0188.example,ACCT-261363,0,1,active,,0,0,0,0,solar_streetlight
V-0189,Bhoomi Industries Private Limited,AAFPS8636K,18AAFPS8636K1Z7,RJ,water_pipeline|security_services,2014-03-22,279095.56,2310314.27,micro,ADDR-BLD-4956,ADDR-BLD-4956-U16,1,1,9795635960,contact@gmail.example,ACCT-662825,1,0,active,,1,0,0,0,security_services
V-0190,Charan Works LLP,AABPS2652F,27AABPS2652F1Z2,OD,road_resurfacing|school_uniforms|ambulance_vehicle,2008-06-04,243147795.27,2046282853.27,large,ADDR-BLD-6580,ADDR-BLD-6580-U13,1,1,9243891044,contact@v0190.example,ACCT-485808,1,1,active,,0,0,0,0,road_resurfacing
V-0191,Gokul Ventures & Co,AAFPS4741D,35AAFPS4741D1Z5,MH,medical_supplies|ambulance_vehicle|school_uniforms,2015-03-03,133659940.48,1431329350.47,large,ADDR-BLD-6015,ADDR-BLD-6015-U22,1,1,9703630247,contact@v0191.example,ACCT-INTERMED-77001,1,1,active,,0,0,0,0,school_uniforms
V-0192,Tarang Traders & Co,AAHPS8867H,20AAHPS8867H1Z9,RJ,building_construction|sanitation_services|biomedical_service,2021-06-26,4914882.41,42171734.25,mid,ADDR-BLD-7199,ADDR-BLD-7199-U24,1,1,9268100240,contact@v0192.example,ACCT-446761,0,1,active,,0,0,0,0,biomedical_service
V-0193,Nandi Engineering & Co,AAGPS2902A,13AAGPS2902A1Z5,OD,biomedical_service,2006-08-27,195276464.76,1739583534.39,large,ADDR-BLD-2859,ADDR-BLD-2859-U33,1,1,9841447766,contact@gmail.example,ACCT-925274,1,1,active,,0,0,0,0,biomedical_service
V-0194,Deep Roadways & Co,AAHPS2585C,27AAHPS2585C1Z3,KL,water_pipeline,2014-03-01,14041846.35,39794794.06,mid,ADDR-BLD-3696,ADDR-BLD-3696-U5,1,1,9660534189,contact@gmail.example,ACCT-640982,1,1,active,,0,0,0,0,water_pipeline
V-0195,Shakti Public Sector Corporation Ltd,AAEPS7583F,19AAEPS7583F1Z3,KL,sanitation_services,2019-06-13,14122558.69,140804737.24,mid,ADDR-BLD-2813,ADDR-BLD-2813-U38,1,1,9471215256,contact@gmail.example,ACCT-343808,1,0,active,,0,0,1,0,sanitation_services
V-0196,Falgun Projects,AAHPS3265E,15AAHPS3265E1Z8,OD,road_resurfacing,2016-11-25,727169.76,5932633.16,small,ADDR-BLD-6390,ADDR-BLD-6390-U9,1,2,9743367528,contact@v0196.example,ACCT-877657,0,1,active,,1,0,0,0,road_resurfacing
V-0197,Charan Technologies & Co,AABPS7373G,32AABPS7373G1Z2,MH,road_resurfacing,2018-05-21,17902570.72,181113103.16,mid,ADDR-BLD-6021,ADDR-BLD-6021-U34,1,2,9161698701,contact@gmail.example,ACCT-187850,0,1,active,,0,0,0,0,road_resurfacing
V-0198,Bhoomi Technologies & Co,AAAPS4302E,17AAAPS4302E1Z2,KA,building_construction,2009-01-07,10003433.3,136235452.93,mid,ADDR-BLD-5510,ADDR-BLD-5510-U17,1,1,9160113293,contact@v0198.example,ACCT-878866,1,1,active,,0,0,0,0,building_construction
V-0199,Ujjwal Builders & Co,AAFPS9706E,31AAFPS9706E1Z7,KA,medical_supplies,2014-01-24,1502403.21,8627354.12,small,ADDR-BLD-6337,ADDR-BLD-6337-U28,1,1,9528595296,contact@v0199.example,ACCT-131441,0,1,active,,1,0,0,0,medical_supplies
V-0200,Anant Projects Private Limited,AACPS2752C,34AACPS2752C1Z7,IN,ambulance_vehicle|laptops_it|medical_supplies,2005-03-31,10187449.66,57618043.61,mid,ADDR-BLD-3062,ADDR-BLD-3062-U10,1,1,9968907469,contact@v0200.example,ACCT-335120,1,1,active,,0,0,0,0,laptops_it
V-0201,Meru Enterprises Ltd,AAAPS1897E,26AAAPS1897E1Z2,KL,school_uniforms|medical_supplies,2007-02-14,780303.26,3391407.51,small,ADDR-BLD-2776,ADDR-BLD-2776-U9,1,1,9240592698,contact@gmail.example,ACCT-922704,1,1,active,,0,0,0,0,school_uniforms
V-0202,Nandi Engineering Pvt Ltd,AAHPS7911K,25AAHPS7911K1Z8,OD,medical_supplies,2010-11-25,848753.31,10477774.32,small,ADDR-BLD-3267,ADDR-BLD-3267-U2,1,1,9684351932,contact@v0202.example,ACCT-160456,1,1,active,,0,0,0,0,medical_supplies
V-0203,Devi Engineering LLP,AAGPS3335D,28AAGPS3335D1Z8,OD,office_furniture,2006-02-20,416590.14,4368255.3,micro,ADDR-BLD-7400,ADDR-BLD-7400-U35,1,1,9834592083,contact@v0203.example,ACCT-904436,0,1,active,,1,0,0,0,office_furniture
V-0204,Gokul Agencies Pvt Ltd,AABPS6716F,32AABPS6716F1Z3,IN,security_services|laptops_it,2008-06-19,16708624.96,55609113.71,mid,ADDR-BLD-9001,ADDR-BLD-9001-U2,3,49,9389799096,contact@v0204.example,ACCT-806693,1,0,active,,0,0,0,0,security_services
V-0205,Deep Enterprises LLP,AAAPS3250K,24AAAPS3250K1Z3,OD,ambulance_vehicle|medical_supplies,2016-01-26,16428292.82,206872151.64,mid,ADDR-BLD-2740,ADDR-BLD-2740-U9,1,1,9898220182,contact@v0205.example,ACCT-619841,1,1,active,,0,0,0,0,ambulance_vehicle
V-0206,Ekta Associates,AAAPS4474A,21AAAPS4474A1Z7,KL,road_resurfacing|sanitation_services,2018-06-12,2399735.78,6940821.82,small,ADDR-BLD-1132,ADDR-BLD-1132-U13,1,1,9263255357,contact@gmail.example,ACCT-705356,1,1,active,,0,0,0,0,sanitation_services
V-0207,Jyoti Projects,AAGPS6455J,18AAGPS6455J1Z0,IN,medical_supplies|building_construction|biomedical_service,2017-09-11,323569.05,3983471.19,micro,ADDR-BLD-5990,ADDR-BLD-5990-U12,1,1,9396712031,contact@v0207.example,ACCT-904565,0,0,active,,1,0,0,0,biomedical_service
V-0208,Anant Industries Private Limited,AAAPS5225K,19AAAPS5225K1Z0,MH,water_pipeline|sanitation_services,2018-11-28,343367.65,2466012.07,micro,ADDR-BLD-5378,ADDR-BLD-5378-U32,1,1,9275639601,contact@gmail.example,ACCT-963409,0,0,active,,1,0,0,0,sanitation_services
V-0209,Hemant Solutions Private Limited,AAAPS7123B,10AAAPS7123B1Z2,KA,road_resurfacing,2005-07-10,1556509.33,20151774.25,small,ADDR-BLD-2429,ADDR-BLD-2429-U9,1,1,9008811220,filings@sahaytaconsultants.example,ACCT-491979,0,1,active,,0,0,0,0,road_resurfacing
V-0210,Nandi Traders Ltd,AAFPS5043B,20AAFPS5043B1Z8,MH,drugs_generic|road_resurfacing,2020-07-04,1635235.39,8505785.13,small,ADDR-BLD-6678,ADDR-BLD-6678-U19,1,1,9475150739,contact@gmail.example,ACCT-758210,0,1,active,,0,0,0,0,drugs_generic
V-0211,Kaveri Works Private Limited,AADPS4009H,33AADPS4009H1Z1,MH,sanitation_services|security_services,2020-11-29,973270.95,3668778.16,small,ADDR-BLD-5567,ADDR-BLD-5567-U25,1,1,9008811220,contact@v0211.example,ACCT-386546,0,1,active,,0,0,0,0,sanitation_services
V-0212,Zenith Constructions Private Limited,AAFPS7580B,24AAFPS7580B1Z7,RJ,biomedical_service,2018-11-13,1688341.8,6569150.2,small,ADDR-BLD-1958,ADDR-BLD-1958-U14,1,1,9811110320,contact@gmail.example,ACCT-428350,0,1,active,,0,0,0,0,biomedical_service
V-0213,Gokul Constructions Pvt Ltd,AAGPS1033F,28AAGPS1033F1Z2,IN,biomedical_service,2021-11-23,17739501.22,62110000.09,mid,ADDR-BLD-7842,ADDR-BLD-7842-U33,1,1,9505175742,contact@v0213.example,ACCT-380526,1,1,active,,0,0,0,0,biomedical_service
V-0214,Utkal Contractors Private Limited,AAHPS1821C,31AAHPS1821C1Z3,KA,biomedical_service|school_uniforms|sanitation_services,2024-05-13,1517684.26,6364464.38,small,ADDR-BLD-6266,ADDR-BLD-6266-U7,1,1,9843632039,contact@v0214.example,ACCT-233066,0,1,active,,0,0,0,0,biomedical_service
V-0215,Yamuna Builders Private Limited,AAFPS8570B,22AAFPS8570B1Z9,MH,laptops_it|school_uniforms,2018-07-05,558363.71,5918380.55,small,ADDR-BLD-8654,ADDR-BLD-8654-U33,1,1,9352064777,contact@v0215.example,ACCT-958844,0,1,active,,0,0,0,0,laptops_it
V-0216,Sagar Roadways,AAHPS1195F,33AAHPS1195F1Z6,IN,office_furniture,2018-08-16,538284.97,5498360.8,small,ADDR-BLD-7713,ADDR-BLD-7713-U27,1,1,9414327486,contact@gmail.example,ACCT-816522,1,1,active,,1,0,0,0,office_furniture
V-0217,Rudra Roadways,AADPS9407A,25AADPS9407A1Z3,OD,road_resurfacing|laptops_it|building_construction,2007-07-05,1634477.81,12637824.62,small,ADDR-BLD-2526,ADDR-BLD-2526-U21,1,1,9680795750,contact@v0217.example,ACCT-921408,0,1,active,,0,0,0,0,laptops_it
V-0218,Shakti Agencies,AAHPS1424A,36AAHPS1424A1Z4,KA,solar_streetlight|road_resurfacing|building_construction,2018-07-21,274347.72,2340521.56,micro,ADDR-BLD-5630,ADDR-BLD-5630-U21,1,1,9605317926,contact@gmail.example,ACCT-491979,0,1,active,,0,0,0,0,building_construction
V-0219,Gokul Solutions LLP,AABPS2673B,36AABPS2673B1Z2,RJ,ambulance_vehicle|solar_streetlight,2009-09-21,13303841.32,151613796.49,mid,ADDR-BLD-2480,ADDR-BLD-2480-U4,1,1,9312014032,contact@gmail.example,ACCT-859376,0,1,active,,0,0,0,0,ambulance_vehicle
V-0220,Devi Associates Ltd,AAEPS4160D,18AAEPS4160D1Z9,MH,ambulance_vehicle|office_furniture,2009-04-22,1264681.46,9342645.0,small,ADDR-BLD-6863,ADDR-BLD-6863-U36,1,1,9564190363,contact@gmail.example,ACCT-952488,0,1,active,,1,0,0,0,ambulance_vehicle
V-0221,Lohit Builders Pvt Ltd,AAAPS8995G,31AAAPS8995G1Z4,RJ,building_construction|solar_streetlight,2007-06-28,2487483.94,17332215.97,small,ADDR-BLD-6051,ADDR-BLD-6051-U26,1,1,9115667392,contact@gmail.example,ACCT-566570,0,1,active,,0,0,0,0,building_construction
V-0222,Rudra Infra,AACPS9253J,19AACPS9253J1Z7,KA,office_furniture,2023-05-13,12938218.51,123873641.24,mid,ADDR-BLD-3024,ADDR-BLD-3024-U21,1,1,9882160909,contact@v0222.example,ACCT-570700,1,1,active,,0,1,0,0,office_furniture
V-0223,Nandi Agencies Private Limited,AACPS9130C,15AACPS9130C1Z2,KL,solar_streetlight|drugs_generic|security_services,2013-05-10,15632448.98,187901884.3,mid,ADDR-BLD-1660,ADDR-BLD-1660-U3,1,1,9102081152,contact@gmail.example,ACCT-701776,1,1,active,,0,0,0,0,solar_streetlight
V-0224,Kalpa Infra LLP,AAFPS6253J,14AAFPS6253J1Z1,RJ,water_pipeline|medical_supplies|road_resurfacing,2017-04-29,78315207.65,343576820.97,large,ADDR-BLD-5688,ADDR-BLD-5688-U33,1,1,9901653381,contact@v0224.example,ACCT-987880,1,1,active,,0,0,0,0,road_resurfacing
V-0225,Kalpa Contractors LLP,AAGPS1001C,27AAGPS1001C1Z2,OD,road_resurfacing,2013-01-15,1275655.97,17283173.26,small,ADDR-BLD-1423,ADDR-BLD-1423-U37,1,1,9008811220,contact@v0225.example,ACCT-234872,0,1,active,,1,0,0,0,road_resurfacing
V-0226,Lohit Constructions,AACPS7201A,35AACPS7201A1Z7,OD,laptops_it,2020-11-10,19549884.3,230211076.58,mid,ADDR-BLD-2517,ADDR-BLD-2517-U17,1,1,9831007583,contact@v0226.example,ACCT-215767,1,1,active,,0,0,0,0,laptops_it
V-0227,Vidhi Agencies Pvt Ltd,AACPS6459A,34AACPS6459A1Z2,OD,borewell_drilling,2021-04-24,2307679.04,17532985.2,small,ADDR-BLD-4473,ADDR-BLD-4473-U25,1,1,9008811220,contact@v0227.example,ACCT-930183,1,1,active,,0,0,0,0,borewell_drilling
V-0228,Jyoti Contractors Ltd,AADPS8786H,24AADPS8786H1Z5,MH,office_furniture|solar_streetlight,2015-03-26,16791111.2,129755447.82,mid,ADDR-BLD-8117,ADDR-BLD-8117-U14,1,1,9320437021,contact@gmail.example,ACCT-689353,0,1,active,,0,0,0,0,solar_streetlight
V-0229,Shakti Technologies,AACPS3125D,24AACPS3125D1Z1,OD,water_pipeline,2020-02-16,15035213.76,76325406.59,mid,ADDR-BLD-3322,ADDR-BLD-3322-U29,1,1,9388273764,contact@v0229.example,ACCT-759329,1,1,active,,0,0,0,0,water_pipeline
V-0230,Amba Works LLP,AAGPS3118D,33AAGPS3118D1Z5,RJ,road_resurfacing,2011-03-18,2297317.97,10756473.66,small,ADDR-BLD-2884,ADDR-BLD-2884-U28,1,1,9008811220,contact@v0230.example,ACCT-712517,1,1,active,,0,0,0,0,road_resurfacing
V-0231,Jyoti Enterprises Pvt Ltd,AACPS1669C,21AACPS1669C1Z5,IN,security_services|borewell_drilling,2009-12-06,368245.76,3848917.4,micro,ADDR-BLD-7388,ADDR-BLD-7388-U6,1,1,9607769463,contact@v0231.example,ACCT-776950,0,1,active,,1,0,0,0,borewell_drilling
V-0232,Vidhi Roadways,AADPS3818J,37AADPS3818J1Z4,MH,security_services|biomedical_service,2005-10-17,61015146.38,415457513.04,large,ADDR-BLD-4226,ADDR-BLD-4226-U17,1,1,9788040856,contact@v0232.example,ACCT-400427,1,1,active,,0,0,0,0,security_services
V-0233,Pragati Engineering,AAHPS4565H,32AAHPS4565H1Z8,OD,drugs_generic|medical_supplies,2021-02-03,439302.82,2666077.52,micro,ADDR-BLD-4365,ADDR-BLD-4365-U29,1,1,9959500342,contact@v0233.example,ACCT-477289,0,1,active,,1,0,0,0,drugs_generic
V-0234,Chetak Systems LLP,AACPS3634F,17AACPS3634F1Z5,MH,laptops_it,2020-08-09,7213800.56,55365397.51,mid,ADDR-BLD-8828,ADDR-BLD-8828-U19,1,1,9370635593,contact@gmail.example,ACCT-548481,1,1,active,,0,0,0,0,laptops_it
V-0235,Lohit Public Sector Corporation Ltd,AABPS6796C,37AABPS6796C1Z0,RJ,medical_supplies|building_construction|water_pipeline,2013-09-24,432269.91,4836303.19,micro,ADDR-BLD-8677,ADDR-BLD-8677-U21,1,1,9688313122,contact@v0235.example,ACCT-159745,1,0,active,,1,0,1,0,water_pipeline
V-0236,Anant Projects Ltd,AADPS3985F,31AADPS3985F1Z5,RJ,laptops_it|drugs_generic|biomedical_service,2008-12-17,1902758.56,21183183.86,small,ADDR-BLD-5994,ADDR-BLD-5994-U10,1,1,9145474928,contact@v0236.example,ACCT-286690,1,1,active,,1,0,0,0,biomedical_service
V-0237,Ira Roadways LLP,AAEPS6548E,33AAEPS6548E1Z2,KL,road_resurfacing|water_pipeline|school_uniforms,2022-04-15,1483956.91,8116939.07,small,ADDR-BLD-4787,ADDR-BLD-4787-U26,1,1,9709426196,contact@gmail.example,ACCT-263101,0,1,active,,1,0,0,0,water_pipeline
V-0238,Rohan Industries Pvt Ltd,AAHPS2524J,29AAHPS2524J1Z7,KA,borewell_drilling|ambulance_vehicle|water_pipeline,2021-03-24,200542262.01,1963841054.48,large,ADDR-BLD-8655,ADDR-BLD-8655-U22,1,1,9500257486,contact@gmail.example,ACCT-774098,1,1,active,,0,0,0,0,water_pipeline
V-0239,Anant Projects Pvt Ltd,AACPS5264C,30AACPS5264C1Z1,KA,security_services|water_pipeline|laptops_it,2020-10-19,821841.13,4881734.86,small,ADDR-BLD-4239,ADDR-BLD-4239-U15,1,1,9478734576,contact@gmail.example,ACCT-106007,0,1,active,,0,0,0,0,laptops_it
V-0240,Falgun Corporation LLP,AADPS9325J,35AADPS9325J1Z7,OD,security_services|building_construction,2007-06-25,137753.55,1602965.34,micro,ADDR-BLD-8073,ADDR-BLD-8073-U10,1,1,9759531608,contact@gmail.example,ACCT-203394,0,0,active,,0,0,0,0,security_services
V-S001,Arka Systems,AACPS4162B,36AACPS4162B1Z9,KA,road_resurfacing,2025-08-13,100000.0,,micro,ADDR-BLD-9001,ADDR-BLD-9001-U4,3,49,9508562517,contact@gmail.example,ACCT-491979,0,0,active,,0,0,0,0,school_uniforms
V-S002,Yamuna Roadways Private Limited,AAFPS7997G,26AAFPS7997G1Z1,MH,water_pipeline,2025-02-18,100000.0,,micro,ADDR-BLD-9001,ADDR-BLD-9001-U3,3,49,9735653938,contact@gmail.example,ACCT-334013,0,0,active,,0,0,0,0,school_uniforms
V-S003,Devi Solutions Ltd,AAFPS7432K,33AAFPS7432K1Z0,RJ,medical_supplies,2024-10-31,100000.0,,micro,ADDR-BLD-9001,ADDR-BLD-9001-U4,3,49,9293931968,contact@gmail.example,ACCT-296086,0,0,active,,0,0,0,0,school_uniforms
V-S004,Dhruva Solutions,AAGPS8151B,19AAGPS8151B1Z2,KL,building_construction,2024-09-15,500000.0,,micro,ADDR-BLD-9001,ADDR-BLD-9001-U3,3,49,9325583087,contact@gmail.example,ACCT-837978,0,0,active,,0,0,0,0,sanitation_services
V-S005,Kalpa Contractors,AACPS9195J,29AACPS9195J1Z6,KL,biomedical_service|borewell_drilling|security_services,2024-06-13,500000.0,,micro,ADDR-BLD-9001,ADDR-BLD-9001-U1,1,49,9455772272,contact@gmail.example,ACCT-373817,0,0,active,,0,0,0,0,borewell_drilling
V-S006,Hansa Enterprises Pvt Ltd,AAGPS4708F,25AAGPS4708F1Z1,KL,borewell_drilling,2025-10-30,500000.0,,micro,ADDR-BLD-9001,ADDR-BLD-9001-U6,1,49,9765521713,contact@gmail.example,ACCT-735888,0,0,active,,0,0,0,0,borewell_drilling
V-S007,Ujjwal Builders,AAEPS6951H,13AAEPS6951H1Z2,KL,security_services,2024-09-19,100000.0,,micro,ADDR-BLD-9001,ADDR-BLD-9001-U2,3,49,9228146359,contact@gmail.example,ACCT-377292,0,0,struck_off,2026-05-14,0,0,0,0,security_services
V-S008,Jyoti Associates LLP,AAFPS7524A,27AAFPS7524A1Z7,IN,biomedical_service|drugs_generic|ambulance_vehicle,2025-03-01,500000.0,,micro,ADDR-BLD-9001,ADDR-BLD-9001-U2,3,49,9163099176,contact@gmail.example,ACCT-597702,0,0,struck_off,2026-08-05,0,0,0,0,ambulance_vehicle
V-S009,Vidhi Ventures Ltd,AAGPS8465D,34AAGPS8465D1Z7,MH,ambulance_vehicle,2024-07-26,100000.0,,micro,ADDR-BLD-9001,ADDR-BLD-9001-U4,3,49,9332642460,contact@gmail.example,ACCT-112833,0,0,active,,0,0,0,0,ambulance_vehicle
V-S010,Chakra Services,AABPS4082G,25AABPS4082G1Z7,KL,drugs_generic|road_resurfacing|security_services,2025-02-11,100000.0,,micro,ADDR-BLD-9001,ADDR-BLD-9001-U3,3,49,9822102987,contact@gmail.example,ACCT-972841,0,0,active,,0,0,0,0,road_resurfacing
V-Y001,Ira Enterprises Ltd,AAEPS3857A,21AAEPS3857A1Z3,KL,water_pipeline|medical_supplies,2025-07-30,857248.47,163159784.7,mid,ADDR-BLD-1870,ADDR-BLD-1870-U4,1,1,9848477292,contact@gmail.example,ACCT-205855,1,1,active,,1,1,0,0,water_pipeline
V-Y002,Omkar Technologies LLP,AAGPS6247F,14AAGPS6247F1Z5,OD,road_resurfacing,2025-08-25,736092.96,104746557.14,large,ADDR-BLD-6670,ADDR-BLD-6670-U39,1,1,9284424152,contact@vy002.example,ACCT-869828,0,1,active,,1,1,0,0,road_resurfacing
V-Y003,Arka Projects Ltd,AAEPS3543A,36AAEPS3543A1Z1,KL,school_uniforms|building_construction|borewell_drilling,2025-01-01,775235.67,146927777.12,mid,ADDR-BLD-6913,ADDR-BLD-6913-U40,1,1,9790495642,contact@gmail.example,ACCT-443441,1,1,active,,1,1,0,0,building_construction
V-Y004,Parth Enterprises LLP,AABPS3278E,16AABPS3278E1Z0,KA,laptops_it|office_furniture,2025-09-29,870358.92,7220548.34,small,ADDR-BLD-2629,ADDR-BLD-2629-U22,1,1,9581440441,contact@vy004.example,ACCT-213056,0,1,active,,1,1,0,0,office_furniture
V-Y005,Nandi Infra,AAGPS6725C,19AAGPS6725C1Z1,KA,solar_streetlight|medical_supplies,2025-03-12,859040.76,367550824.44,large,ADDR-BLD-1003,ADDR-BLD-1003-U16,1,1,9755116105,contact@vy005.example,ACCT-INTERMED-77001,0,1,active,,1,1,0,0,medical_supplies
V-Y006,Rudra Industries Ltd,AABPS7524J,11AABPS7524J1Z5,KA,solar_streetlight|road_resurfacing|drugs_generic,2025-07-08,776563.73,2114589.25,micro,ADDR-BLD-6240,ADDR-BLD-6240-U36,1,1,9816191642,contact@gmail.example,ACCT-357783,0,1,active,,1,1,0,0,drugs_generic
V-Y007,Nandi Engineering Ltd,AAGPS1231E,24AAGPS1231E1Z1,KL,office_furniture|solar_streetlight,2025-04-06,563612.03,977771139.07,large,ADDR-BLD-6275,ADDR-BLD-6275-U28,1,1,9503141857,contact@gmail.example,ACCT-619851,1,1,active,,1,1,0,0,solar_streetlight
V-Y008,Ekta Ventures,AABPS6632J,27AABPS6632J1Z2,KA,sanitation_services|drugs_generic|road_resurfacing,2025-02-21,869293.18,15633987.58,small,ADDR-BLD-6814,ADDR-BLD-6814-U25,1,1,9255259126,contact@vy008.example,ACCT-295940,0,1,active,,1,1,0,0,road_resurfacing
V-SPV01,Kaveri Supplies LLP,AAGPS5710C,21AAGPS5710C1Z5,OD,building_construction,2025-03-10,2500000.0,4288538.71,small,ADDR-BLD-1387,ADDR-BLD-1387-U4,1,1,9477382915,contact@vspv01.example,ACCT-674545,0,1,active,,1,0,0,1,ambulance_vehicle
